createdAt,facilityId,co2e,fuelHint,ch4,n2o,ef,co2,month,month_sin,month_cos,anomaly_score,rolling_threshold
2025-01-20 02:43:21.692000+00:00,bf2278d8-0d33-4e28-a55e-ad3c1537af7e,0.00081,,0.0,0.0,0.81,0.00081,1,0.49999999999999994,0.8660254037844387,0.20295533326927584,0.20496486011267634
2025-01-20 02:43:21.692000+00:00,bf2278d8-0d33-4e28-a55e-ad3c1537af7e,0.00081,,0.0,0.0,0.81,0.00081,1,0.49999999999999994,0.8660254037844387,0.20295533326927584,0.20496486011267634
2025-01-20 02:43:21.692000+00:00,bf2278d8-0d33-4e28-a55e-ad3c1537af7e,0.00081,,0.0,0.0,0.81,0.00081,1,0.49999999999999994,0.8660254037844387,0.20295533326927584,0.20496486011267634
2025-01-20 06:13:51.441000+00:00,2af3b5a4-c50c-4e19-bf57-966f7d5eb4d0,0.657275,,4.6e-05,6e-06,0.424596,0.654303,1,0.49999999999999994,0.8660254037844387,0.20072125234841826,0.20295533326927584
2025-01-20 06:13:51.441000+00:00,2af3b5a4-c50c-4e19-bf57-966f7d5eb4d0,0.657275,,4.6e-05,6e-06,0.424596,0.654303,1,0.49999999999999994,0.8660254037844387,0.20072125234841826,0.20295533326927584
2025-01-20 06:13:51.441000+00:00,2af3b5a4-c50c-4e19-bf57-966f7d5eb4d0,0.657275,,4.6e-05,6e-06,0.424596,0.654303,1,0.49999999999999994,0.8660254037844387,0.20072125234841826,0.20295533326927584
2025-01-20 06:13:52.144000+00:00,2af3b5a4-c50c-4e19-bf57-966f7d5eb4d0,0.646236,,4.6e-05,6e-06,0.424596,0.643314,1,0.49999999999999994,0.8660254037844387,0.20051869592764116,0.20072125234841826
2025-01-20 06:13:52.144000+00:00,2af3b5a4-c50c-4e19-bf57-966f7d5eb4d0,0.646236,,4.6e-05,6e-06,0.424596,0.643314,1,0.49999999999999994,0.8660254037844387,0.20051869592764116,0.20072125234841826
2025-01-20 06:13:52.144000+00:00,2af3b5a4-c50c-4e19-bf57-966f7d5eb4d0,0.646236,,4.6e-05,6e-06,0.424596,0.643314,1,0.49999999999999994,0.8660254037844387,0.20051869592764116,0.20072125234841826
2025-01-20 06:16:25.818000+00:00,d55791e9-9ff6-4fde-8738-e8ee673a4128,1.283555,,9e-05,1.2e-05,0.424596,1.277751,1,0.49999999999999994,0.8660254037844387,0.1986424533954086,0.20051869592764116
2025-01-20 06:16:25.818000+00:00,d55791e9-9ff6-4fde-8738-e8ee673a4128,1.283555,,9e-05,1.2e-05,0.424596,1.277751,1,0.49999999999999994,0.8660254037844387,0.1986424533954086,0.20051869592764116
2025-01-20 06:16:25.818000+00:00,d55791e9-9ff6-4fde-8738-e8ee673a4128,1.283555,,9e-05,1.2e-05,0.424596,1.277751,1,0.49999999999999994,0.8660254037844387,0.1986424533954086,0.20051869592764116
2025-01-20 06:17:09.848000+00:00,83b6c2cc-d4d0-41a9-9ea7-e2968bbc6218,7.670564,,0.000749,0.000105,0.599169,7.621891,1,0.49999999999999994,0.8660254037844387,0.19704542388530344,0.1986424533954086
2025-01-20 06:17:09.848000+00:00,83b6c2cc-d4d0-41a9-9ea7-e2968bbc6218,7.670564,,0.000749,0.000105,0.599169,7.621891,1,0.49999999999999994,0.8660254037844387,0.19704542388530344,0.1986424533954086
2025-01-20 06:17:09.848000+00:00,83b6c2cc-d4d0-41a9-9ea7-e2968bbc6218,7.670564,,0.000749,0.000105,0.599169,7.621891,1,0.49999999999999994,0.8660254037844387,0.19704542388530344,0.1986424533954086
2025-01-20 06:17:10.425000+00:00,83b6c2cc-d4d0-41a9-9ea7-e2968bbc6218,7.850914,,0.000767,0.000107,0.599169,7.801096,1,0.49999999999999994,0.8660254037844387,0.19704542388530344,0.1984827504443981
2025-01-20 06:17:10.425000+00:00,83b6c2cc-d4d0-41a9-9ea7-e2968bbc6218,7.850914,,0.000767,0.000107,0.599169,7.801096,1,0.49999999999999994,0.8660254037844387,0.19704542388530344,0.1984827504443981
2025-01-20 06:17:10.425000+00:00,83b6c2cc-d4d0-41a9-9ea7-e2968bbc6218,7.850914,,0.000767,0.000107,0.599169,7.801096,1,0.49999999999999994,0.8660254037844387,0.19704542388530344,0.1984827504443981
2025-01-20 06:20:01.567000+00:00,25eca3c8-5832-4fb9-90d4-d7d3dca639c1,0.713499,,7.1e-05,1e-05,0.532462,0.708769,1,0.49999999999999994,0.8660254037844387,0.1946819822086377,0.19704542388530344
2025-01-20 06:20:01.567000+00:00,25eca3c8-5832-4fb9-90d4-d7d3dca639c1,0.713499,,7.1e-05,1e-05,0.532462,0.708769,1,0.49999999999999994,0.8660254037844387,0.1946819822086377,0.19704542388530344
2025-01-20 06:20:01.567000+00:00,25eca3c8-5832-4fb9-90d4-d7d3dca639c1,0.713499,,7.1e-05,1e-05,0.532462,0.708769,1,0.49999999999999994,0.8660254037844387,0.1946819822086377,0.19704542388530344
2025-01-20 06:20:02.209000+00:00,25eca3c8-5832-4fb9-90d4-d7d3dca639c1,1.448296,,0.000144,2.1e-05,0.532462,1.438696,1,0.49999999999999994,0.8660254037844387,0.1946819822086377,0.19704542388530344
2025-01-20 06:20:02.209000+00:00,25eca3c8-5832-4fb9-90d4-d7d3dca639c1,1.448296,,0.000144,2.1e-05,0.532462,1.438696,1,0.49999999999999994,0.8660254037844387,0.1946819822086377,0.19704542388530344
2025-01-20 06:20:02.209000+00:00,25eca3c8-5832-4fb9-90d4-d7d3dca639c1,1.448296,,0.000144,2.1e-05,0.532462,1.438696,1,0.49999999999999994,0.8660254037844387,0.1946819822086377,0.19704542388530344
2025-01-20 06:20:04.937000+00:00,25eca3c8-5832-4fb9-90d4-d7d3dca639c1,4.110604,,0.00041,6e-05,0.532462,4.083357,1,0.49999999999999994,0.8660254037844387,0.1936753399358897,0.1946819822086377
2025-01-20 06:20:04.937000+00:00,25eca3c8-5832-4fb9-90d4-d7d3dca639c1,4.110604,,0.00041,6e-05,0.532462,4.083357,1,0.49999999999999994,0.8660254037844387,0.1936753399358897,0.1946819822086377
2025-01-20 06:20:04.937000+00:00,25eca3c8-5832-4fb9-90d4-d7d3dca639c1,4.110604,,0.00041,6e-05,0.532462,4.083357,1,0.49999999999999994,0.8660254037844387,0.1936753399358897,0.1946819822086377
2025-01-20 06:20:08.649000+00:00,25eca3c8-5832-4fb9-90d4-d7d3dca639c1,4.068007,,0.000405,5.9e-05,0.532462,4.041042,1,0.49999999999999994,0.8660254037844387,0.1936753399358897,0.1946819822086377
2025-01-20 06:20:08.649000+00:00,25eca3c8-5832-4fb9-90d4-d7d3dca639c1,4.068007,,0.000405,5.9e-05,0.532462,4.041042,1,0.49999999999999994,0.8660254037844387,0.1936753399358897,0.1946819822086377
2025-01-20 06:20:08.649000+00:00,25eca3c8-5832-4fb9-90d4-d7d3dca639c1,4.068007,,0.000405,5.9e-05,0.532462,4.041042,1,0.49999999999999994,0.8660254037844387,0.1936753399358897,0.1946819822086377
2025-01-20 06:20:48.333000+00:00,2ffa4cd4-4960-4bf6-8840-e0eaf595f6a3,0.192751,,1.9e-05,3e-06,0.532462,0.191473,1,0.49999999999999994,0.8660254037844387,0.19281882356140945,0.1936753399358897
2025-01-20 06:20:48.333000+00:00,2ffa4cd4-4960-4bf6-8840-e0eaf595f6a3,0.192751,,1.9e-05,3e-06,0.532462,0.191473,1,0.49999999999999994,0.8660254037844387,0.19281882356140945,0.1936753399358897
2025-01-20 06:20:48.333000+00:00,2ffa4cd4-4960-4bf6-8840-e0eaf595f6a3,0.192751,,1.9e-05,3e-06,0.532462,0.191473,1,0.49999999999999994,0.8660254037844387,0.19281882356140945,0.1936753399358897
2025-01-20 06:20:48.892000+00:00,2ffa4cd4-4960-4bf6-8840-e0eaf595f6a3,0.142167,,1.4e-05,2e-06,0.532462,0.141225,1,0.49999999999999994,0.8660254037844387,0.19281882356140945,0.1936753399358897
2025-01-20 06:20:48.892000+00:00,2ffa4cd4-4960-4bf6-8840-e0eaf595f6a3,0.142167,,1.4e-05,2e-06,0.532462,0.141225,1,0.49999999999999994,0.8660254037844387,0.19281882356140945,0.1936753399358897
2025-01-20 06:20:48.892000+00:00,2ffa4cd4-4960-4bf6-8840-e0eaf595f6a3,0.142167,,1.4e-05,2e-06,0.532462,0.141225,1,0.49999999999999994,0.8660254037844387,0.19281882356140945,0.1936753399358897
2025-01-20 06:24:48.591000+00:00,06330262-618b-4881-b13a-4631cc3047e6,152.587859,,0.01778,0.002302,0.541092,151.479876,1,0.49999999999999994,0.8660254037844387,0.17862720168601504,0.19281882356140945
2025-01-20 06:24:48.591000+00:00,06330262-618b-4881-b13a-4631cc3047e6,152.587859,,0.01778,0.002302,0.541092,151.479876,1,0.49999999999999994,0.8660254037844387,0.17862720168601504,0.19281882356140945
2025-01-20 06:24:48.591000+00:00,06330262-618b-4881-b13a-4631cc3047e6,152.587859,,0.01778,0.002302,0.541092,151.479876,1,0.49999999999999994,0.8660254037844387,0.17862720168601504,0.19281882356140945
2025-01-20 06:24:49.546000+00:00,06330262-618b-4881-b13a-4631cc3047e6,169.361702,,0.019734,0.002556,0.541092,168.131919,1,0.49999999999999994,0.8660254037844387,0.17862720168601504,0.19281882356140945
2025-01-20 06:24:49.546000+00:00,06330262-618b-4881-b13a-4631cc3047e6,169.361702,,0.019734,0.002556,0.541092,168.131919,1,0.49999999999999994,0.8660254037844387,0.17862720168601504,0.19281882356140945
2025-01-20 06:24:49.546000+00:00,06330262-618b-4881-b13a-4631cc3047e6,169.361702,,0.019734,0.002556,0.541092,168.131919,1,0.49999999999999994,0.8660254037844387,0.17862720168601504,0.19281882356140945
2025-01-20 06:24:50.144000+00:00,06330262-618b-4881-b13a-4631cc3047e6,139.601658,,0.016267,0.002106,0.541092,138.587972,1,0.49999999999999994,0.8660254037844387,0.17862720168601504,0.19281882356140945
2025-01-20 06:24:50.144000+00:00,06330262-618b-4881-b13a-4631cc3047e6,139.601658,,0.016267,0.002106,0.541092,138.587972,1,0.49999999999999994,0.8660254037844387,0.17862720168601504,0.19281882356140945
2025-01-20 06:24:50.144000+00:00,06330262-618b-4881-b13a-4631cc3047e6,139.601658,,0.016267,0.002106,0.541092,138.587972,1,0.49999999999999994,0.8660254037844387,0.17862720168601504,0.19281882356140945
2025-01-20 06:24:50.706000+00:00,06330262-618b-4881-b13a-4631cc3047e6,126.074366,,0.01469,0.001902,0.541092,125.158905,1,0.49999999999999994,0.8660254037844387,0.18498425365824933,0.19281882356140945
2025-01-20 06:24:50.706000+00:00,06330262-618b-4881-b13a-4631cc3047e6,126.074366,,0.01469,0.001902,0.541092,125.158905,1,0.49999999999999994,0.8660254037844387,0.18498425365824933,0.19281882356140945
2025-01-20 06:24:50.706000+00:00,06330262-618b-4881-b13a-4631cc3047e6,126.074366,,0.01469,0.001902,0.541092,125.158905,1,0.49999999999999994,0.8660254037844387,0.18498425365824933,0.19281882356140945
2025-01-20 06:24:51.681000+00:00,06330262-618b-4881-b13a-4631cc3047e6,120.663449,,0.01406,0.001821,0.541092,119.787278,1,0.49999999999999994,0.8660254037844387,0.18498425365824933,0.19281882356140945
2025-01-20 06:24:51.681000+00:00,06330262-618b-4881-b13a-4631cc3047e6,120.663449,,0.01406,0.001821,0.541092,119.787278,1,0.49999999999999994,0.8660254037844387,0.18498425365824933,0.19281882356140945
2025-01-20 06:24:51.681000+00:00,06330262-618b-4881-b13a-4631cc3047e6,120.663449,,0.01406,0.001821,0.541092,119.787278,1,0.49999999999999994,0.8660254037844387,0.18498425365824933,0.19281882356140945
2025-01-20 06:24:52.258000+00:00,06330262-618b-4881-b13a-4631cc3047e6,119.581265,,0.013934,0.001804,0.541092,118.712953,1,0.49999999999999994,0.8660254037844387,0.18498425365824933,0.19281882356140945
2025-01-20 06:24:52.258000+00:00,06330262-618b-4881-b13a-4631cc3047e6,119.581265,,0.013934,0.001804,0.541092,118.712953,1,0.49999999999999994,0.8660254037844387,0.18498425365824933,0.19281882356140945
2025-01-20 06:24:52.258000+00:00,06330262-618b-4881-b13a-4631cc3047e6,119.581265,,0.013934,0.001804,0.541092,118.712953,1,0.49999999999999994,0.8660254037844387,0.18498425365824933,0.19281882356140945
2025-01-20 06:24:56.462000+00:00,06330262-618b-4881-b13a-4631cc3047e6,158.539868,,0.018473,0.002392,0.541092,157.388666,1,0.49999999999999994,0.8660254037844387,0.17862720168601504,0.18498425365824933
2025-01-20 06:24:56.462000+00:00,06330262-618b-4881-b13a-4631cc3047e6,158.539868,,0.018473,0.002392,0.541092,157.388666,1,0.49999999999999994,0.8660254037844387,0.17862720168601504,0.18498425365824933
2025-01-20 06:24:56.462000+00:00,06330262-618b-4881-b13a-4631cc3047e6,158.539868,,0.018473,0.002392,0.541092,157.388666,1,0.49999999999999994,0.8660254037844387,0.17862720168601504,0.18498425365824933
2025-01-20 07:00:58.876000+00:00,06330262-618b-4881-b13a-4631cc3047e6,152.587859,,0.01778,0.002302,0.541092,151.479876,1,0.49999999999999994,0.8660254037844387,0.17862720168601504,0.19281882356140945
2025-01-20 07:00:58.876000+00:00,06330262-618b-4881-b13a-4631cc3047e6,152.587859,,0.01778,0.002302,0.541092,151.479876,1,0.49999999999999994,0.8660254037844387,0.17862720168601504,0.19281882356140945
2025-01-20 07:00:58.876000+00:00,06330262-618b-4881-b13a-4631cc3047e6,152.587859,,0.01778,0.002302,0.541092,151.479876,1,0.49999999999999994,0.8660254037844387,0.17862720168601504,0.19281882356140945
2025-01-20 07:01:12.038000+00:00,2f79e7cf-97ef-496b-9c55-04ff2f0d33ba,14.95024,,0.002324,0.000312,0.23928,14.802558,1,0.49999999999999994,0.8660254037844387,0.19278558694000275,0.19281882356140945
2025-01-20 07:01:12.038000+00:00,2f79e7cf-97ef-496b-9c55-04ff2f0d33ba,14.95024,,0.002324,0.000312,0.23928,14.802558,1,0.49999999999999994,0.8660254037844387,0.19278558694000275,0.19281882356140945
2025-01-20 07:01:12.038000+00:00,2f79e7cf-97ef-496b-9c55-04ff2f0d33ba,14.95024,,0.002324,0.000312,0.23928,14.802558,1,0.49999999999999994,0.8660254037844387,0.19278558694000275,0.19281882356140945
2025-01-20 07:07:15.699000+00:00,06330262-618b-4881-b13a-4631cc3047e6,152.587859,,0.01778,0.002302,0.541092,151.479876,1,0.49999999999999994,0.8660254037844387,0.17862720168601504,0.19281882356140945
2025-01-20 07:07:15.699000+00:00,06330262-618b-4881-b13a-4631cc3047e6,152.587859,,0.01778,0.002302,0.541092,151.479876,1,0.49999999999999994,0.8660254037844387,0.17862720168601504,0.19281882356140945
2025-01-20 07:07:15.699000+00:00,06330262-618b-4881-b13a-4631cc3047e6,152.587859,,0.01778,0.002302,0.541092,151.479876,1,0.49999999999999994,0.8660254037844387,0.17862720168601504,0.19281882356140945
2025-01-20 07:07:15.979000+00:00,06330262-618b-4881-b13a-4631cc3047e6,169.361702,,0.019734,0.002556,0.541092,168.131919,1,0.49999999999999994,0.8660254037844387,0.17862720168601504,0.19281882356140945
2025-01-20 07:07:15.979000+00:00,06330262-618b-4881-b13a-4631cc3047e6,169.361702,,0.019734,0.002556,0.541092,168.131919,1,0.49999999999999994,0.8660254037844387,0.17862720168601504,0.19281882356140945
2025-01-20 07:07:15.979000+00:00,06330262-618b-4881-b13a-4631cc3047e6,169.361702,,0.019734,0.002556,0.541092,168.131919,1,0.49999999999999994,0.8660254037844387,0.17862720168601504,0.19281882356140945
2025-01-20 07:07:16.264000+00:00,06330262-618b-4881-b13a-4631cc3047e6,139.601658,,0.016267,0.002106,0.541092,138.587972,1,0.49999999999999994,0.8660254037844387,0.17862720168601504,0.19281882356140945
2025-01-20 07:07:16.264000+00:00,06330262-618b-4881-b13a-4631cc3047e6,139.601658,,0.016267,0.002106,0.541092,138.587972,1,0.49999999999999994,0.8660254037844387,0.17862720168601504,0.19281882356140945
2025-01-20 07:07:16.264000+00:00,06330262-618b-4881-b13a-4631cc3047e6,139.601658,,0.016267,0.002106,0.541092,138.587972,1,0.49999999999999994,0.8660254037844387,0.17862720168601504,0.19281882356140945
2025-01-20 07:07:16.641000+00:00,06330262-618b-4881-b13a-4631cc3047e6,126.074366,,0.01469,0.001902,0.541092,125.158905,1,0.49999999999999994,0.8660254037844387,0.18498425365824933,0.19281882356140945
2025-01-20 07:07:16.641000+00:00,06330262-618b-4881-b13a-4631cc3047e6,126.074366,,0.01469,0.001902,0.541092,125.158905,1,0.49999999999999994,0.8660254037844387,0.18498425365824933,0.19281882356140945
2025-01-20 07:07:16.641000+00:00,06330262-618b-4881-b13a-4631cc3047e6,126.074366,,0.01469,0.001902,0.541092,125.158905,1,0.49999999999999994,0.8660254037844387,0.18498425365824933,0.19281882356140945
2025-01-20 07:07:16.924000+00:00,06330262-618b-4881-b13a-4631cc3047e6,120.663449,,0.01406,0.001821,0.541092,119.787278,1,0.49999999999999994,0.8660254037844387,0.18498425365824933,0.19280453181420457
2025-01-20 07:07:16.924000+00:00,06330262-618b-4881-b13a-4631cc3047e6,120.663449,,0.01406,0.001821,0.541092,119.787278,1,0.49999999999999994,0.8660254037844387,0.18498425365824933,0.19280453181420457
2025-01-20 07:07:16.924000+00:00,06330262-618b-4881-b13a-4631cc3047e6,120.663449,,0.01406,0.001821,0.541092,119.787278,1,0.49999999999999994,0.8660254037844387,0.18498425365824933,0.19280453181420457
2025-01-20 07:07:17.226000+00:00,06330262-618b-4881-b13a-4631cc3047e6,119.581265,,0.013934,0.001804,0.541092,118.712953,1,0.49999999999999994,0.8660254037844387,0.18498425365824933,0.19278558694000275
2025-01-20 07:07:17.226000+00:00,06330262-618b-4881-b13a-4631cc3047e6,119.581265,,0.013934,0.001804,0.541092,118.712953,1,0.49999999999999994,0.8660254037844387,0.18498425365824933,0.19278558694000275
2025-01-20 07:07:17.226000+00:00,06330262-618b-4881-b13a-4631cc3047e6,119.581265,,0.013934,0.001804,0.541092,118.712953,1,0.49999999999999994,0.8660254037844387,0.18498425365824933,0.19278558694000275
2025-01-20 07:07:17.521000+00:00,06330262-618b-4881-b13a-4631cc3047e6,118.499082,,0.013808,0.001788,0.541092,117.638627,1,0.49999999999999994,0.8660254037844387,0.18498425365824933,0.19278558694000275
2025-01-20 07:07:17.521000+00:00,06330262-618b-4881-b13a-4631cc3047e6,118.499082,,0.013808,0.001788,0.541092,117.638627,1,0.49999999999999994,0.8660254037844387,0.18498425365824933,0.19278558694000275
2025-01-20 07:07:17.521000+00:00,06330262-618b-4881-b13a-4631cc3047e6,118.499082,,0.013808,0.001788,0.541092,117.638627,1,0.49999999999999994,0.8660254037844387,0.18498425365824933,0.19278558694000275
2025-01-20 07:07:17.766000+00:00,06330262-618b-4881-b13a-4631cc3047e6,113.088165,,0.013177,0.001706,0.541092,112.267001,1,0.49999999999999994,0.8660254037844387,0.18498425365824933,0.19223668919306766
2025-01-20 07:07:17.766000+00:00,06330262-618b-4881-b13a-4631cc3047e6,113.088165,,0.013177,0.001706,0.541092,112.267001,1,0.49999999999999994,0.8660254037844387,0.18498425365824933,0.19223668919306766
2025-01-20 07:07:17.766000+00:00,06330262-618b-4881-b13a-4631cc3047e6,113.088165,,0.013177,0.001706,0.541092,112.267001,1,0.49999999999999994,0.8660254037844387,0.18498425365824933,0.19223668919306766
2025-01-20 07:07:17.981000+00:00,06330262-618b-4881-b13a-4631cc3047e6,129.320916,,0.015069,0.001951,0.541092,128.381881,1,0.49999999999999994,0.8660254037844387,0.18498425365824933,0.1892532340774086
2025-01-20 07:07:17.981000+00:00,06330262-618b-4881-b13a-4631cc3047e6,129.320916,,0.015069,0.001951,0.541092,128.381881,1,0.49999999999999994,0.8660254037844387,0.18498425365824933,0.1892532340774086
2025-01-20 07:07:17.981000+00:00,06330262-618b-4881-b13a-4631cc3047e6,129.320916,,0.015069,0.001951,0.541092,128.381881,1,0.49999999999999994,0.8660254037844387,0.18498425365824933,0.1892532340774086
2025-01-20 07:07:18.846000+00:00,06330262-618b-4881-b13a-4631cc3047e6,158.539868,,0.018473,0.002392,0.541092,157.388666,1,0.49999999999999994,0.8660254037844387,0.17862720168601504,0.18498425365824933
2025-01-20 07:07:18.846000+00:00,06330262-618b-4881-b13a-4631cc3047e6,158.539868,,0.018473,0.002392,0.541092,157.388666,1,0.49999999999999994,0.8660254037844387,0.17862720168601504,0.18498425365824933
2025-01-20 07:07:18.846000+00:00,06330262-618b-4881-b13a-4631cc3047e6,158.539868,,0.018473,0.002392,0.541092,157.388666,1,0.49999999999999994,0.8660254037844387,0.17862720168601504,0.18498425365824933
2025-01-20 07:13:00.041000+00:00,05d8e8cc-e504-47bd-8d8c-b98f370abed8,251.791637,,0.026943,0.004042,0.763005,249.966223,1,0.49999999999999994,0.8660254037844387,0.16407251670170242,0.19278558694000275
2025-01-20 07:13:00.041000+00:00,05d8e8cc-e504-47bd-8d8c-b98f370abed8,251.791637,,0.026943,0.004042,0.763005,249.966223,1,0.49999999999999994,0.8660254037844387,0.16407251670170242,0.19278558694000275
2025-01-20 07:13:00.041000+00:00,05d8e8cc-e504-47bd-8d8c-b98f370abed8,251.791637,,0.026943,0.004042,0.763005,249.966223,1,0.49999999999999994,0.8660254037844387,0.16407251670170242,0.19278558694000275
2025-01-20 07:13:00.599000+00:00,05d8e8cc-e504-47bd-8d8c-b98f370abed8,216.84601,,0.023204,0.003481,0.763005,215.273941,1,0.49999999999999994,0.8660254037844387,0.16660059879642508,0.19278558694000275
2025-01-20 07:13:00.599000+00:00,05d8e8cc-e504-47bd-8d8c-b98f370abed8,216.84601,,0.023204,0.003481,0.763005,215.273941,1,0.49999999999999994,0.8660254037844387,0.16660059879642508,0.19278558694000275
2025-01-20 07:13:00.599000+00:00,05d8e8cc-e504-47bd-8d8c-b98f370abed8,216.84601,,0.023204,0.003481,0.763005,215.273941,1,0.49999999999999994,0.8660254037844387,0.16660059879642508,0.19278558694000275
2025-01-20 07:13:01.181000+00:00,05d8e8cc-e504-47bd-8d8c-b98f370abed8,232.106109,,0.024837,0.003726,0.763005,230.423409,1,0.49999999999999994,0.8660254037844387,0.16660059879642508,0.19278558694000275
2025-01-20 07:13:01.181000+00:00,05d8e8cc-e504-47bd-8d8c-b98f370abed8,232.106109,,0.024837,0.003726,0.763005,230.423409,1,0.49999999999999994,0.8660254037844387,0.16660059879642508,0.19278558694000275
2025-01-20 07:13:01.181000+00:00,05d8e8cc-e504-47bd-8d8c-b98f370abed8,232.106109,,0.024837,0.003726,0.763005,230.423409,1,0.49999999999999994,0.8660254037844387,0.16660059879642508,0.19278558694000275
2025-01-20 07:13:01.741000+00:00,05d8e8cc-e504-47bd-8d8c-b98f370abed8,245.9928,,0.026323,0.003948,0.763005,244.209425,1,0.49999999999999994,0.8660254037844387,0.16407251670170242,0.19278558694000275
2025-01-20 07:13:01.741000+00:00,05d8e8cc-e504-47bd-8d8c-b98f370abed8,245.9928,,0.026323,0.003948,0.763005,244.209425,1,0.49999999999999994,0.8660254037844387,0.16407251670170242,0.19278558694000275
2025-01-20 07:13:01.741000+00:00,05d8e8cc-e504-47bd-8d8c-b98f370abed8,245.9928,,0.026323,0.003948,0.763005,244.209425,1,0.49999999999999994,0.8660254037844387,0.16407251670170242,0.19278558694000275
2025-01-20 07:13:02.314000+00:00,05d8e8cc-e504-47bd-8d8c-b98f370abed8,219.135025,,0.023449,0.003517,0.763005,217.546361,1,0.49999999999999994,0.8660254037844387,0.16660059879642508,0.19117118180195836
2025-01-20 07:13:02.314000+00:00,05d8e8cc-e504-47bd-8d8c-b98f370abed8,219.135025,,0.023449,0.003517,0.763005,217.546361,1,0.49999999999999994,0.8660254037844387,0.16660059879642508,0.19117118180195836
2025-01-20 07:13:02.314000+00:00,05d8e8cc-e504-47bd-8d8c-b98f370abed8,219.135025,,0.023449,0.003517,0.763005,217.546361,1,0.49999999999999994,0.8660254037844387,0.16660059879642508,0.19117118180195836
2025-01-20 07:13:02.823000+00:00,05d8e8cc-e504-47bd-8d8c-b98f370abed8,235.768533,,0.025229,0.003784,0.763005,234.059282,1,0.49999999999999994,0.8660254037844387,0.16407251670170242,0.19117118180195836
2025-01-20 07:13:02.823000+00:00,05d8e8cc-e504-47bd-8d8c-b98f370abed8,235.768533,,0.025229,0.003784,0.763005,234.059282,1,0.49999999999999994,0.8660254037844387,0.16407251670170242,0.19117118180195836
2025-01-20 07:13:02.823000+00:00,05d8e8cc-e504-47bd-8d8c-b98f370abed8,235.768533,,0.025229,0.003784,0.763005,234.059282,1,0.49999999999999994,0.8660254037844387,0.16407251670170242,0.19117118180195836
2025-01-20 07:13:03.348000+00:00,05d8e8cc-e504-47bd-8d8c-b98f370abed8,218.677222,,0.0234,0.00351,0.763005,217.091877,1,0.49999999999999994,0.8660254037844387,0.16660059879642508,0.18498425365824933
2025-01-20 07:13:03.348000+00:00,05d8e8cc-e504-47bd-8d8c-b98f370abed8,218.677222,,0.0234,0.00351,0.763005,217.091877,1,0.49999999999999994,0.8660254037844387,0.16660059879642508,0.18498425365824933
2025-01-20 07:13:03.348000+00:00,05d8e8cc-e504-47bd-8d8c-b98f370abed8,218.677222,,0.0234,0.00351,0.763005,217.091877,1,0.49999999999999994,0.8660254037844387,0.16660059879642508,0.18498425365824933
2025-01-20 07:13:03.842000+00:00,05d8e8cc-e504-47bd-8d8c-b98f370abed8,206.621744,,0.02211,0.003316,0.763005,205.123798,1,0.49999999999999994,0.8660254037844387,0.16660059879642508,0.18498425365824933
2025-01-20 07:13:03.842000+00:00,05d8e8cc-e504-47bd-8d8c-b98f370abed8,206.621744,,0.02211,0.003316,0.763005,205.123798,1,0.49999999999999994,0.8660254037844387,0.16660059879642508,0.18498425365824933
2025-01-20 07:13:03.842000+00:00,05d8e8cc-e504-47bd-8d8c-b98f370abed8,206.621744,,0.02211,0.003316,0.763005,205.123798,1,0.49999999999999994,0.8660254037844387,0.16660059879642508,0.18498425365824933
2025-01-20 07:13:04.459000+00:00,05d8e8cc-e504-47bd-8d8c-b98f370abed8,217.151212,,0.023237,0.003485,0.763005,215.57693,1,0.49999999999999994,0.8660254037844387,0.16660059879642508,0.18498425365824933
2025-01-20 07:13:04.459000+00:00,05d8e8cc-e504-47bd-8d8c-b98f370abed8,217.151212,,0.023237,0.003485,0.763005,215.57693,1,0.49999999999999994,0.8660254037844387,0.16660059879642508,0.18498425365824933
2025-01-20 07:13:04.459000+00:00,05d8e8cc-e504-47bd-8d8c-b98f370abed8,217.151212,,0.023237,0.003485,0.763005,215.57693,1,0.49999999999999994,0.8660254037844387,0.16660059879642508,0.18498425365824933
2025-01-20 07:13:04.989000+00:00,05d8e8cc-e504-47bd-8d8c-b98f370abed8,222.187045,,0.023775,0.003566,0.763005,220.576255,1,0.49999999999999994,0.8660254037844387,0.16660059879642508,0.18498425365824933
2025-01-20 07:13:04.989000+00:00,05d8e8cc-e504-47bd-8d8c-b98f370abed8,222.187045,,0.023775,0.003566,0.763005,220.576255,1,0.49999999999999994,0.8660254037844387,0.16660059879642508,0.18498425365824933
2025-01-20 07:13:04.989000+00:00,05d8e8cc-e504-47bd-8d8c-b98f370abed8,222.187045,,0.023775,0.003566,0.763005,220.576255,1,0.49999999999999994,0.8660254037844387,0.16660059879642508,0.18498425365824933
2025-01-20 07:13:05.539000+00:00,05d8e8cc-e504-47bd-8d8c-b98f370abed8,207.53735,,0.022208,0.003331,0.763005,206.032766,1,0.49999999999999994,0.8660254037844387,0.16660059879642508,0.18498425365824933
2025-01-20 07:13:05.539000+00:00,05d8e8cc-e504-47bd-8d8c-b98f370abed8,207.53735,,0.022208,0.003331,0.763005,206.032766,1,0.49999999999999994,0.8660254037844387,0.16660059879642508,0.18498425365824933
2025-01-20 07:13:05.539000+00:00,05d8e8cc-e504-47bd-8d8c-b98f370abed8,207.53735,,0.022208,0.003331,0.763005,206.032766,1,0.49999999999999994,0.8660254037844387,0.16660059879642508,0.18498425365824933
2025-01-20 07:13:06.110000+00:00,05d8e8cc-e504-47bd-8d8c-b98f370abed8,229.817095,,0.024592,0.003689,0.763005,228.150989,1,0.49999999999999994,0.8660254037844387,0.16660059879642508,0.18498425365824933
2025-01-20 07:13:06.110000+00:00,05d8e8cc-e504-47bd-8d8c-b98f370abed8,229.817095,,0.024592,0.003689,0.763005,228.150989,1,0.49999999999999994,0.8660254037844387,0.16660059879642508,0.18498425365824933
2025-01-20 07:13:06.110000+00:00,05d8e8cc-e504-47bd-8d8c-b98f370abed8,229.817095,,0.024592,0.003689,0.763005,228.150989,1,0.49999999999999994,0.8660254037844387,0.16660059879642508,0.18498425365824933
2025-01-20 07:31:13.159000+00:00,7fe165f8-a09d-44ff-88f2-cbe41bc3cbf7,270.843356,,0.0191,0.002605,0.424519,269.61836,1,0.49999999999999994,0.8660254037844387,0.17798551395697898,0.1908410895953112
2025-01-20 07:31:13.159000+00:00,7fe165f8-a09d-44ff-88f2-cbe41bc3cbf7,270.843356,,0.0191,0.002605,0.424519,269.61836,1,0.49999999999999994,0.8660254037844387,0.17798551395697898,0.1908410895953112
2025-01-20 07:31:13.159000+00:00,7fe165f8-a09d-44ff-88f2-cbe41bc3cbf7,270.843356,,0.0191,0.002605,0.424519,269.61836,1,0.49999999999999994,0.8660254037844387,0.17798551395697898,0.1908410895953112
2025-01-20 07:31:13.746000+00:00,7fe165f8-a09d-44ff-88f2-cbe41bc3cbf7,271.692395,,0.01916,0.002613,0.424519,270.463559,1,0.49999999999999994,0.8660254037844387,0.17798551395697898,0.1908410895953112
2025-01-20 07:31:13.746000+00:00,7fe165f8-a09d-44ff-88f2-cbe41bc3cbf7,271.692395,,0.01916,0.002613,0.424519,270.463559,1,0.49999999999999994,0.8660254037844387,0.17798551395697898,0.1908410895953112
2025-01-20 07:31:13.746000+00:00,7fe165f8-a09d-44ff-88f2-cbe41bc3cbf7,271.692395,,0.01916,0.002613,0.424519,270.463559,1,0.49999999999999994,0.8660254037844387,0.17798551395697898,0.1908410895953112
2025-01-20 07:31:14.384000+00:00,7fe165f8-a09d-44ff-88f2-cbe41bc3cbf7,231.787574,,0.016346,0.002229,0.424519,230.739224,1,0.49999999999999994,0.8660254037844387,0.17842096046241107,0.1908410895953112
2025-01-20 07:31:14.384000+00:00,7fe165f8-a09d-44ff-88f2-cbe41bc3cbf7,231.787574,,0.016346,0.002229,0.424519,230.739224,1,0.49999999999999994,0.8660254037844387,0.17842096046241107,0.1908410895953112
2025-01-20 07:31:14.384000+00:00,7fe165f8-a09d-44ff-88f2-cbe41bc3cbf7,231.787574,,0.016346,0.002229,0.424519,230.739224,1,0.49999999999999994,0.8660254037844387,0.17842096046241107,0.1908410895953112
2025-01-20 07:31:15.341000+00:00,7fe165f8-a09d-44ff-88f2-cbe41bc3cbf7,208.01449,,0.014669,0.002,0.424519,207.073662,1,0.49999999999999994,0.8660254037844387,0.18478209207730384,0.1908410895953112
2025-01-20 07:31:15.341000+00:00,7fe165f8-a09d-44ff-88f2-cbe41bc3cbf7,208.01449,,0.014669,0.002,0.424519,207.073662,1,0.49999999999999994,0.8660254037844387,0.18478209207730384,0.1908410895953112
2025-01-20 07:31:15.341000+00:00,7fe165f8-a09d-44ff-88f2-cbe41bc3cbf7,208.01449,,0.014669,0.002,0.424519,207.073662,1,0.49999999999999994,0.8660254037844387,0.18478209207730384,0.1908410895953112
2025-01-20 07:31:15.923000+00:00,7fe165f8-a09d-44ff-88f2-cbe41bc3cbf7,202.071219,,0.01425,0.001943,0.424519,201.157272,1,0.49999999999999994,0.8660254037844387,0.18478209207730384,0.1908410895953112
2025-01-20 07:31:15.923000+00:00,7fe165f8-a09d-44ff-88f2-cbe41bc3cbf7,202.071219,,0.01425,0.001943,0.424519,201.157272,1,0.49999999999999994,0.8660254037844387,0.18478209207730384,0.1908410895953112
2025-01-20 07:31:15.923000+00:00,7fe165f8-a09d-44ff-88f2-cbe41bc3cbf7,202.071219,,0.01425,0.001943,0.424519,201.157272,1,0.49999999999999994,0.8660254037844387,0.18478209207730384,0.1908410895953112
2025-01-20 07:31:16.913000+00:00,7fe165f8-a09d-44ff-88f2-cbe41bc3cbf7,214.8068,,0.015148,0.002066,0.424519,213.835251,1,0.49999999999999994,0.8660254037844387,0.1812708890279856,0.1908410895953112
2025-01-20 07:31:16.913000+00:00,7fe165f8-a09d-44ff-88f2-cbe41bc3cbf7,214.8068,,0.015148,0.002066,0.424519,213.835251,1,0.49999999999999994,0.8660254037844387,0.1812708890279856,0.1908410895953112
2025-01-20 07:31:16.913000+00:00,7fe165f8-a09d-44ff-88f2-cbe41bc3cbf7,214.8068,,0.015148,0.002066,0.424519,213.835251,1,0.49999999999999994,0.8660254037844387,0.1812708890279856,0.1908410895953112
2025-01-20 07:31:17.525000+00:00,7fe165f8-a09d-44ff-88f2-cbe41bc3cbf7,213.533242,,0.015058,0.002053,0.424519,212.567453,1,0.49999999999999994,0.8660254037844387,0.18131560958659976,0.19025456198852864
2025-01-20 07:31:17.525000+00:00,7fe165f8-a09d-44ff-88f2-cbe41bc3cbf7,213.533242,,0.015058,0.002053,0.424519,212.567453,1,0.49999999999999994,0.8660254037844387,0.18131560958659976,0.19025456198852864
2025-01-20 07:31:17.525000+00:00,7fe165f8-a09d-44ff-88f2-cbe41bc3cbf7,213.533242,,0.015058,0.002053,0.424519,212.567453,1,0.49999999999999994,0.8660254037844387,0.18131560958659976,0.19025456198852864
2025-01-20 07:31:18.487000+00:00,7fe165f8-a09d-44ff-88f2-cbe41bc3cbf7,200.797661,,0.01416,0.001931,0.424519,199.889474,1,0.49999999999999994,0.8660254037844387,0.18478209207730384,0.19004492155208613
2025-01-20 07:31:18.487000+00:00,7fe165f8-a09d-44ff-88f2-cbe41bc3cbf7,200.797661,,0.01416,0.001931,0.424519,199.889474,1,0.49999999999999994,0.8660254037844387,0.18478209207730384,0.19004492155208613
2025-01-20 07:31:18.487000+00:00,7fe165f8-a09d-44ff-88f2-cbe41bc3cbf7,200.797661,,0.01416,0.001931,0.424519,199.889474,1,0.49999999999999994,0.8660254037844387,0.18478209207730384,0.19004492155208613
2025-01-20 07:31:18.992000+00:00,7fe165f8-a09d-44ff-88f2-cbe41bc3cbf7,225.844303,,0.015927,0.002172,0.424519,224.822833,1,0.49999999999999994,0.8660254037844387,0.17842096046241107,0.19004492155208613
2025-01-20 07:31:18.992000+00:00,7fe165f8-a09d-44ff-88f2-cbe41bc3cbf7,225.844303,,0.015927,0.002172,0.424519,224.822833,1,0.49999999999999994,0.8660254037844387,0.17842096046241107,0.19004492155208613
2025-01-20 07:31:18.992000+00:00,7fe165f8-a09d-44ff-88f2-cbe41bc3cbf7,225.844303,,0.015927,0.002172,0.424519,224.822833,1,0.49999999999999994,0.8660254037844387,0.17842096046241107,0.19004492155208613
2025-01-20 07:31:19.492000+00:00,7fe165f8-a09d-44ff-88f2-cbe41bc3cbf7,234.75921,,0.016555,0.002258,0.424519,233.697419,1,0.49999999999999994,0.8660254037844387,0.17842096046241107,0.1865923410062344
2025-01-20 07:31:19.492000+00:00,7fe165f8-a09d-44ff-88f2-cbe41bc3cbf7,234.75921,,0.016555,0.002258,0.424519,233.697419,1,0.49999999999999994,0.8660254037844387,0.17842096046241107,0.1865923410062344
2025-01-20 07:31:19.492000+00:00,7fe165f8-a09d-44ff-88f2-cbe41bc3cbf7,234.75921,,0.016555,0.002258,0.424519,233.697419,1,0.49999999999999994,0.8660254037844387,0.17842096046241107,0.1865923410062344
2025-01-20 07:31:20.083000+00:00,7fe165f8-a09d-44ff-88f2-cbe41bc3cbf7,257.683256,,0.018172,0.002478,0.424519,256.517782,1,0.49999999999999994,0.8660254037844387,0.17798551395697898,0.1865923410062344
2025-01-20 07:31:20.083000+00:00,7fe165f8-a09d-44ff-88f2-cbe41bc3cbf7,257.683256,,0.018172,0.002478,0.424519,256.517782,1,0.49999999999999994,0.8660254037844387,0.17798551395697898,0.1865923410062344
2025-01-20 07:31:20.083000+00:00,7fe165f8-a09d-44ff-88f2-cbe41bc3cbf7,257.683256,,0.018172,0.002478,0.424519,256.517782,1,0.49999999999999994,0.8660254037844387,0.17798551395697898,0.1865923410062344
2025-01-20 07:31:20.662000+00:00,7fe165f8-a09d-44ff-88f2-cbe41bc3cbf7,304.380386,,0.021465,0.002927,0.424519,303.003706,1,0.49999999999999994,0.8660254037844387,0.17554197959845014,0.1861679592738904
2025-01-20 07:31:20.662000+00:00,7fe165f8-a09d-44ff-88f2-cbe41bc3cbf7,304.380386,,0.021465,0.002927,0.424519,303.003706,1,0.49999999999999994,0.8660254037844387,0.17554197959845014,0.1861679592738904
2025-01-20 07:31:20.662000+00:00,7fe165f8-a09d-44ff-88f2-cbe41bc3cbf7,304.380386,,0.021465,0.002927,0.424519,303.003706,1,0.49999999999999994,0.8660254037844387,0.17554197959845014,0.1861679592738904
2025-01-24 14:43:43.221000+00:00,fc62cd85-bf0f-4c9c-890b-5af9c867291f,162.868601,,0.018978,0.002458,0.541092,161.685967,1,0.49999999999999994,0.8660254037844387,0.18146099291649587,0.18523283183753397
2025-01-24 14:43:43.221000+00:00,fc62cd85-bf0f-4c9c-890b-5af9c867291f,162.868601,,0.018978,0.002458,0.541092,161.685967,1,0.49999999999999994,0.8660254037844387,0.18146099291649587,0.18523283183753397
2025-01-24 14:43:43.221000+00:00,fc62cd85-bf0f-4c9c-890b-5af9c867291f,162.868601,,0.018978,0.002458,0.541092,161.685967,1,0.49999999999999994,0.8660254037844387,0.18146099291649587,0.18523283183753397
2025-01-24 14:43:43.853000+00:00,fc62cd85-bf0f-4c9c-890b-5af9c867291f,162.32751,,0.018915,0.002449,0.541092,161.148805,1,0.49999999999999994,0.8660254037844387,0.18146099291649587,0.18498425365824933
2025-01-24 14:43:43.853000+00:00,fc62cd85-bf0f-4c9c-890b-5af9c867291f,162.32751,,0.018915,0.002449,0.541092,161.148805,1,0.49999999999999994,0.8660254037844387,0.18146099291649587,0.18498425365824933
2025-01-24 14:43:43.853000+00:00,fc62cd85-bf0f-4c9c-890b-5af9c867291f,162.32751,,0.018915,0.002449,0.541092,161.148805,1,0.49999999999999994,0.8660254037844387,0.18146099291649587,0.18498425365824933
2025-01-24 14:43:44.482000+00:00,fc62cd85-bf0f-4c9c-890b-5af9c867291f,291.107334,,0.033921,0.004393,0.541092,288.993523,1,0.49999999999999994,0.8660254037844387,0.17201275740687472,0.18498425365824933
2025-01-24 14:43:44.482000+00:00,fc62cd85-bf0f-4c9c-890b-5af9c867291f,291.107334,,0.033921,0.004393,0.541092,288.993523,1,0.49999999999999994,0.8660254037844387,0.17201275740687472,0.18498425365824933
2025-01-24 14:43:44.482000+00:00,fc62cd85-bf0f-4c9c-890b-5af9c867291f,291.107334,,0.033921,0.004393,0.541092,288.993523,1,0.49999999999999994,0.8660254037844387,0.17201275740687472,0.18498425365824933
2025-01-24 14:43:46.493000+00:00,fc62cd85-bf0f-4c9c-890b-5af9c867291f,232.669431,,0.027111,0.003511,0.541092,230.979953,1,0.49999999999999994,0.8660254037844387,0.1771493374036251,0.18498425365824933
2025-01-24 14:43:46.493000+00:00,fc62cd85-bf0f-4c9c-890b-5af9c867291f,232.669431,,0.027111,0.003511,0.541092,230.979953,1,0.49999999999999994,0.8660254037844387,0.1771493374036251,0.18498425365824933
2025-01-24 14:43:46.493000+00:00,fc62cd85-bf0f-4c9c-890b-5af9c867291f,232.669431,,0.027111,0.003511,0.541092,230.979953,1,0.49999999999999994,0.8660254037844387,0.1771493374036251,0.18498425365824933
2025-01-24 14:46:54.384000+00:00,05d8e8cc-e504-47bd-8d8c-b98f370abed8,230.274898,,0.024641,0.003696,0.763005,228.605473,1,0.49999999999999994,0.8660254037844387,0.16660059879642508,0.18498425365824933
2025-01-24 14:46:54.384000+00:00,05d8e8cc-e504-47bd-8d8c-b98f370abed8,230.274898,,0.024641,0.003696,0.763005,228.605473,1,0.49999999999999994,0.8660254037844387,0.16660059879642508,0.18498425365824933
2025-01-24 14:46:54.384000+00:00,05d8e8cc-e504-47bd-8d8c-b98f370abed8,230.274898,,0.024641,0.003696,0.763005,228.605473,1,0.49999999999999994,0.8660254037844387,0.16660059879642508,0.18498425365824933
2025-01-24 14:46:55.009000+00:00,05d8e8cc-e504-47bd-8d8c-b98f370abed8,234.242523,,0.025066,0.00376,0.763005,232.544335,1,0.49999999999999994,0.8660254037844387,0.16407251670170242,0.18498425365824933
2025-01-24 14:46:55.009000+00:00,05d8e8cc-e504-47bd-8d8c-b98f370abed8,234.242523,,0.025066,0.00376,0.763005,232.544335,1,0.49999999999999994,0.8660254037844387,0.16407251670170242,0.18498425365824933
2025-01-24 14:46:55.009000+00:00,05d8e8cc-e504-47bd-8d8c-b98f370abed8,234.242523,,0.025066,0.00376,0.763005,232.544335,1,0.49999999999999994,0.8660254037844387,0.16407251670170242,0.18498425365824933
2025-01-24 14:46:55.733000+00:00,05d8e8cc-e504-47bd-8d8c-b98f370abed8,249.655224,,0.026715,0.004007,0.763005,247.845297,1,0.49999999999999994,0.8660254037844387,0.16407251670170242,0.18498425365824933
2025-01-24 14:46:55.733000+00:00,05d8e8cc-e504-47bd-8d8c-b98f370abed8,249.655224,,0.026715,0.004007,0.763005,247.845297,1,0.49999999999999994,0.8660254037844387,0.16407251670170242,0.18498425365824933
2025-01-24 14:46:55.733000+00:00,05d8e8cc-e504-47bd-8d8c-b98f370abed8,249.655224,,0.026715,0.004007,0.763005,247.845297,1,0.49999999999999994,0.8660254037844387,0.16407251670170242,0.18498425365824933
2025-01-24 14:46:56.268000+00:00,05d8e8cc-e504-47bd-8d8c-b98f370abed8,227.222878,,0.024314,0.003647,0.763005,225.575579,1,0.49999999999999994,0.8660254037844387,0.16660059879642508,0.18498425365824933
2025-01-24 14:46:56.268000+00:00,05d8e8cc-e504-47bd-8d8c-b98f370abed8,227.222878,,0.024314,0.003647,0.763005,225.575579,1,0.49999999999999994,0.8660254037844387,0.16660059879642508,0.18498425365824933
2025-01-24 14:46:56.268000+00:00,05d8e8cc-e504-47bd-8d8c-b98f370abed8,227.222878,,0.024314,0.003647,0.763005,225.575579,1,0.49999999999999994,0.8660254037844387,0.16660059879642508,0.18498425365824933
2025-01-24 14:46:57.014000+00:00,05d8e8cc-e504-47bd-8d8c-b98f370abed8,225.696868,,0.024151,0.003623,0.763005,224.060633,1,0.49999999999999994,0.8660254037844387,0.16660059879642508,0.18498425365824933
2025-01-24 14:46:57.014000+00:00,05d8e8cc-e504-47bd-8d8c-b98f370abed8,225.696868,,0.024151,0.003623,0.763005,224.060633,1,0.49999999999999994,0.8660254037844387,0.16660059879642508,0.18498425365824933
2025-01-24 14:46:57.014000+00:00,05d8e8cc-e504-47bd-8d8c-b98f370abed8,225.696868,,0.024151,0.003623,0.763005,224.060633,1,0.49999999999999994,0.8660254037844387,0.16660059879642508,0.18498425365824933
2025-01-24 14:46:57.831000+00:00,05d8e8cc-e504-47bd-8d8c-b98f370abed8,228.748888,,0.024478,0.003672,0.763005,227.090526,1,0.49999999999999994,0.8660254037844387,0.16660059879642508,0.18498425365824933
2025-01-24 14:46:57.831000+00:00,05d8e8cc-e504-47bd-8d8c-b98f370abed8,228.748888,,0.024478,0.003672,0.763005,227.090526,1,0.49999999999999994,0.8660254037844387,0.16660059879642508,0.18498425365824933
2025-01-24 14:46:57.831000+00:00,05d8e8cc-e504-47bd-8d8c-b98f370abed8,228.748888,,0.024478,0.003672,0.763005,227.090526,1,0.49999999999999994,0.8660254037844387,0.16660059879642508,0.18498425365824933
2025-01-24 14:46:58.769000+00:00,05d8e8cc-e504-47bd-8d8c-b98f370abed8,204.790532,,0.021914,0.003287,0.763005,203.305861,1,0.49999999999999994,0.8660254037844387,0.16660059879642508,0.18498425365824933
2025-01-24 14:46:58.769000+00:00,05d8e8cc-e504-47bd-8d8c-b98f370abed8,204.790532,,0.021914,0.003287,0.763005,203.305861,1,0.49999999999999994,0.8660254037844387,0.16660059879642508,0.18498425365824933
2025-01-24 14:46:58.769000+00:00,05d8e8cc-e504-47bd-8d8c-b98f370abed8,204.790532,,0.021914,0.003287,0.763005,203.305861,1,0.49999999999999994,0.8660254037844387,0.16660059879642508,0.18498425365824933
2025-01-24 14:46:59.377000+00:00,05d8e8cc-e504-47bd-8d8c-b98f370abed8,202.348916,,0.021653,0.003248,0.763005,200.881946,1,0.49999999999999994,0.8660254037844387,0.1661491464742339,0.18498425365824933
2025-01-24 14:46:59.377000+00:00,05d8e8cc-e504-47bd-8d8c-b98f370abed8,202.348916,,0.021653,0.003248,0.763005,200.881946,1,0.49999999999999994,0.8660254037844387,0.1661491464742339,0.18498425365824933
2025-01-24 14:46:59.377000+00:00,05d8e8cc-e504-47bd-8d8c-b98f370abed8,202.348916,,0.021653,0.003248,0.763005,200.881946,1,0.49999999999999994,0.8660254037844387,0.1661491464742339,0.18498425365824933
2025-01-24 14:47:00.414000+00:00,05d8e8cc-e504-47bd-8d8c-b98f370abed8,211.733877,,0.022657,0.003399,0.763005,210.198869,1,0.49999999999999994,0.8660254037844387,0.16660059879642508,0.18498425365824933
2025-01-24 14:47:00.414000+00:00,05d8e8cc-e504-47bd-8d8c-b98f370abed8,211.733877,,0.022657,0.003399,0.763005,210.198869,1,0.49999999999999994,0.8660254037844387,0.16660059879642508,0.18498425365824933
2025-01-24 14:47:00.414000+00:00,05d8e8cc-e504-47bd-8d8c-b98f370abed8,211.733877,,0.022657,0.003399,0.763005,210.198869,1,0.49999999999999994,0.8660254037844387,0.16660059879642508,0.18498425365824933
2025-01-24 14:47:00.962000+00:00,05d8e8cc-e504-47bd-8d8c-b98f370abed8,208.835984,,0.022347,0.003352,0.763005,207.321985,1,0.49999999999999994,0.8660254037844387,0.16660059879642508,0.18498425365824933
2025-01-24 14:47:00.962000+00:00,05d8e8cc-e504-47bd-8d8c-b98f370abed8,208.835984,,0.022347,0.003352,0.763005,207.321985,1,0.49999999999999994,0.8660254037844387,0.16660059879642508,0.18498425365824933
2025-01-24 14:47:00.962000+00:00,05d8e8cc-e504-47bd-8d8c-b98f370abed8,208.835984,,0.022347,0.003352,0.763005,207.321985,1,0.49999999999999994,0.8660254037844387,0.16660059879642508,0.18498425365824933
2025-01-24 14:49:04.729000+00:00,7fe165f8-a09d-44ff-88f2-cbe41bc3cbf7,271.692395,,0.01916,0.002613,0.424519,270.463559,1,0.49999999999999994,0.8660254037844387,0.17798551395697898,0.18498425365824933
2025-01-24 14:49:04.729000+00:00,7fe165f8-a09d-44ff-88f2-cbe41bc3cbf7,271.692395,,0.01916,0.002613,0.424519,270.463559,1,0.49999999999999994,0.8660254037844387,0.17798551395697898,0.18498425365824933
2025-01-24 14:49:04.729000+00:00,7fe165f8-a09d-44ff-88f2-cbe41bc3cbf7,271.692395,,0.01916,0.002613,0.424519,270.463559,1,0.49999999999999994,0.8660254037844387,0.17798551395697898,0.18498425365824933
2025-01-24 14:49:05.657000+00:00,7fe165f8-a09d-44ff-88f2-cbe41bc3cbf7,285.701534,,0.020148,0.002747,0.424519,284.409336,1,0.49999999999999994,0.8660254037844387,0.17554197959845014,0.18498425365824933
2025-01-24 14:49:05.657000+00:00,7fe165f8-a09d-44ff-88f2-cbe41bc3cbf7,285.701534,,0.020148,0.002747,0.424519,284.409336,1,0.49999999999999994,0.8660254037844387,0.17554197959845014,0.18498425365824933
2025-01-24 14:49:05.657000+00:00,7fe165f8-a09d-44ff-88f2-cbe41bc3cbf7,285.701534,,0.020148,0.002747,0.424519,284.409336,1,0.49999999999999994,0.8660254037844387,0.17554197959845014,0.18498425365824933
2025-01-24 14:49:06.282000+00:00,7fe165f8-a09d-44ff-88f2-cbe41bc3cbf7,273.814992,,0.019309,0.002633,0.424519,272.576556,1,0.49999999999999994,0.8660254037844387,0.17798551395697898,0.18498425365824933
2025-01-24 14:49:06.282000+00:00,7fe165f8-a09d-44ff-88f2-cbe41bc3cbf7,273.814992,,0.019309,0.002633,0.424519,272.576556,1,0.49999999999999994,0.8660254037844387,0.17798551395697898,0.18498425365824933
2025-01-24 14:49:06.282000+00:00,7fe165f8-a09d-44ff-88f2-cbe41bc3cbf7,273.814992,,0.019309,0.002633,0.424519,272.576556,1,0.49999999999999994,0.8660254037844387,0.17798551395697898,0.18498425365824933
2025-01-24 14:49:06.810000+00:00,7fe165f8-a09d-44ff-88f2-cbe41bc3cbf7,241.55152,,0.017034,0.002323,0.424519,240.459008,1,0.49999999999999994,0.8660254037844387,0.17798551395697898,0.18498425365824933
2025-01-24 14:49:06.810000+00:00,7fe165f8-a09d-44ff-88f2-cbe41bc3cbf7,241.55152,,0.017034,0.002323,0.424519,240.459008,1,0.49999999999999994,0.8660254037844387,0.17798551395697898,0.18498425365824933
2025-01-24 14:49:06.810000+00:00,7fe165f8-a09d-44ff-88f2-cbe41bc3cbf7,241.55152,,0.017034,0.002323,0.424519,240.459008,1,0.49999999999999994,0.8660254037844387,0.17798551395697898,0.18498425365824933
2025-01-24 14:49:07.377000+00:00,7fe165f8-a09d-44ff-88f2-cbe41bc3cbf7,229.664978,,0.016196,0.002209,0.424519,228.626227,1,0.49999999999999994,0.8660254037844387,0.17842096046241107,0.18498425365824933
2025-01-24 14:49:07.377000+00:00,7fe165f8-a09d-44ff-88f2-cbe41bc3cbf7,229.664978,,0.016196,0.002209,0.424519,228.626227,1,0.49999999999999994,0.8660254037844387,0.17842096046241107,0.18498425365824933
2025-01-24 14:49:07.377000+00:00,7fe165f8-a09d-44ff-88f2-cbe41bc3cbf7,229.664978,,0.016196,0.002209,0.424519,228.626227,1,0.49999999999999994,0.8660254037844387,0.17842096046241107,0.18498425365824933
2025-01-24 14:49:08.391000+00:00,7fe165f8-a09d-44ff-88f2-cbe41bc3cbf7,203.344777,,0.01434,0.001955,0.424519,202.42507,1,0.49999999999999994,0.8660254037844387,0.18478209207730384,0.18498425365824933
2025-01-24 14:49:08.391000+00:00,7fe165f8-a09d-44ff-88f2-cbe41bc3cbf7,203.344777,,0.01434,0.001955,0.424519,202.42507,1,0.49999999999999994,0.8660254037844387,0.18478209207730384,0.18498425365824933
2025-01-24 14:49:08.391000+00:00,7fe165f8-a09d-44ff-88f2-cbe41bc3cbf7,203.344777,,0.01434,0.001955,0.424519,202.42507,1,0.49999999999999994,0.8660254037844387,0.18478209207730384,0.18498425365824933
2025-01-24 14:49:09.397000+00:00,7fe165f8-a09d-44ff-88f2-cbe41bc3cbf7,211.835164,,0.014939,0.002037,0.424519,210.877056,1,0.49999999999999994,0.8660254037844387,0.18131560958659976,0.18498425365824933
2025-01-24 14:49:09.397000+00:00,7fe165f8-a09d-44ff-88f2-cbe41bc3cbf7,211.835164,,0.014939,0.002037,0.424519,210.877056,1,0.49999999999999994,0.8660254037844387,0.18131560958659976,0.18498425365824933
2025-01-24 14:49:09.397000+00:00,7fe165f8-a09d-44ff-88f2-cbe41bc3cbf7,211.835164,,0.014939,0.002037,0.424519,210.877056,1,0.49999999999999994,0.8660254037844387,0.18131560958659976,0.18498425365824933
2025-01-24 14:49:09.957000+00:00,7fe165f8-a09d-44ff-88f2-cbe41bc3cbf7,222.448148,,0.015687,0.002139,0.424519,221.442039,1,0.49999999999999994,0.8660254037844387,0.1812708890279856,0.18478209207730384
2025-01-24 14:49:09.957000+00:00,7fe165f8-a09d-44ff-88f2-cbe41bc3cbf7,222.448148,,0.015687,0.002139,0.424519,221.442039,1,0.49999999999999994,0.8660254037844387,0.1812708890279856,0.18478209207730384
2025-01-24 14:49:09.957000+00:00,7fe165f8-a09d-44ff-88f2-cbe41bc3cbf7,222.448148,,0.015687,0.002139,0.424519,221.442039,1,0.49999999999999994,0.8660254037844387,0.1812708890279856,0.18478209207730384
2025-01-24 14:49:10.549000+00:00,7fe165f8-a09d-44ff-88f2-cbe41bc3cbf7,229.664978,,0.016196,0.002209,0.424519,228.626227,1,0.49999999999999994,0.8660254037844387,0.17842096046241107,0.18478209207730384
2025-01-24 14:49:10.549000+00:00,7fe165f8-a09d-44ff-88f2-cbe41bc3cbf7,229.664978,,0.016196,0.002209,0.424519,228.626227,1,0.49999999999999994,0.8660254037844387,0.17842096046241107,0.18478209207730384
2025-01-24 14:49:10.549000+00:00,7fe165f8-a09d-44ff-88f2-cbe41bc3cbf7,229.664978,,0.016196,0.002209,0.424519,228.626227,1,0.49999999999999994,0.8660254037844387,0.17842096046241107,0.18478209207730384
2025-01-24 14:49:11.329000+00:00,7fe165f8-a09d-44ff-88f2-cbe41bc3cbf7,239.004404,,0.016855,0.002298,0.424519,237.923412,1,0.49999999999999994,0.8660254037844387,0.17798551395697898,0.18478209207730384
2025-01-24 14:49:11.329000+00:00,7fe165f8-a09d-44ff-88f2-cbe41bc3cbf7,239.004404,,0.016855,0.002298,0.424519,237.923412,1,0.49999999999999994,0.8660254037844387,0.17798551395697898,0.18478209207730384
2025-01-24 14:49:11.329000+00:00,7fe165f8-a09d-44ff-88f2-cbe41bc3cbf7,239.004404,,0.016855,0.002298,0.424519,237.923412,1,0.49999999999999994,0.8660254037844387,0.17798551395697898,0.18478209207730384
2025-02-12 11:43:47.785000+00:00,0db38ecb-f0b3-46e5-acf3-594e40865bc8,152.587859,,0.01778,0.002302,0.541092,151.479876,2,0.8660254037844386,0.5000000000000001,0.17883189993660548,0.18478209207730384
2025-02-12 11:43:47.785000+00:00,0db38ecb-f0b3-46e5-acf3-594e40865bc8,152.587859,,0.01778,0.002302,0.541092,151.479876,2,0.8660254037844386,0.5000000000000001,0.17883189993660548,0.18478209207730384
2025-02-12 11:43:47.785000+00:00,0db38ecb-f0b3-46e5-acf3-594e40865bc8,152.587859,,0.01778,0.002302,0.541092,151.479876,2,0.8660254037844386,0.5000000000000001,0.17883189993660548,0.18478209207730384
2025-02-12 11:43:48.423000+00:00,0db38ecb-f0b3-46e5-acf3-594e40865bc8,169.361702,,0.019734,0.002556,0.541092,168.131919,2,0.8660254037844386,0.5000000000000001,0.17883189993660548,0.18478209207730384
2025-02-12 11:43:48.423000+00:00,0db38ecb-f0b3-46e5-acf3-594e40865bc8,169.361702,,0.019734,0.002556,0.541092,168.131919,2,0.8660254037844386,0.5000000000000001,0.17883189993660548,0.18478209207730384
2025-02-12 11:43:48.423000+00:00,0db38ecb-f0b3-46e5-acf3-594e40865bc8,169.361702,,0.019734,0.002556,0.541092,168.131919,2,0.8660254037844386,0.5000000000000001,0.17883189993660548,0.18478209207730384
2025-02-12 11:43:49.382000+00:00,0db38ecb-f0b3-46e5-acf3-594e40865bc8,139.601658,,0.016267,0.002106,0.541092,138.587972,2,0.8660254037844386,0.5000000000000001,0.17926620191024456,0.18478209207730384
2025-02-12 11:43:49.382000+00:00,0db38ecb-f0b3-46e5-acf3-594e40865bc8,139.601658,,0.016267,0.002106,0.541092,138.587972,2,0.8660254037844386,0.5000000000000001,0.17926620191024456,0.18478209207730384
2025-02-12 11:43:49.382000+00:00,0db38ecb-f0b3-46e5-acf3-594e40865bc8,139.601658,,0.016267,0.002106,0.541092,138.587972,2,0.8660254037844386,0.5000000000000001,0.17926620191024456,0.18478209207730384
2025-02-12 11:43:55.096000+00:00,0db38ecb-f0b3-46e5-acf3-594e40865bc8,158.539868,,0.018473,0.002392,0.541092,157.388666,2,0.8660254037844386,0.5000000000000001,0.17883189993660548,0.18146099291649587
2025-02-12 11:43:55.096000+00:00,0db38ecb-f0b3-46e5-acf3-594e40865bc8,158.539868,,0.018473,0.002392,0.541092,157.388666,2,0.8660254037844386,0.5000000000000001,0.17883189993660548,0.18146099291649587
2025-02-12 11:43:55.096000+00:00,0db38ecb-f0b3-46e5-acf3-594e40865bc8,158.539868,,0.018473,0.002392,0.541092,157.388666,2,0.8660254037844386,0.5000000000000001,0.17883189993660548,0.18146099291649587
2025-02-12 11:55:39.864000+00:00,9fba0395-9bfd-4ab4-93a6-8902d54b0222,251.791637,,0.026943,0.004042,0.763005,249.966223,2,0.8660254037844386,0.5000000000000001,0.17285789174533456,0.18498425365824933
2025-02-12 11:55:39.864000+00:00,9fba0395-9bfd-4ab4-93a6-8902d54b0222,251.791637,,0.026943,0.004042,0.763005,249.966223,2,0.8660254037844386,0.5000000000000001,0.17285789174533456,0.18498425365824933
2025-02-12 11:55:39.864000+00:00,9fba0395-9bfd-4ab4-93a6-8902d54b0222,251.791637,,0.026943,0.004042,0.763005,249.966223,2,0.8660254037844386,0.5000000000000001,0.17285789174533456,0.18498425365824933
2025-02-12 11:55:40.647000+00:00,9fba0395-9bfd-4ab4-93a6-8902d54b0222,216.84601,,0.023204,0.003481,0.763005,215.273941,2,0.8660254037844386,0.5000000000000001,0.17531985793574012,0.18498425365824933
2025-02-12 11:55:40.647000+00:00,9fba0395-9bfd-4ab4-93a6-8902d54b0222,216.84601,,0.023204,0.003481,0.763005,215.273941,2,0.8660254037844386,0.5000000000000001,0.17531985793574012,0.18498425365824933
2025-02-12 11:55:40.647000+00:00,9fba0395-9bfd-4ab4-93a6-8902d54b0222,216.84601,,0.023204,0.003481,0.763005,215.273941,2,0.8660254037844386,0.5000000000000001,0.17531985793574012,0.18498425365824933
2025-02-12 11:55:41.259000+00:00,9fba0395-9bfd-4ab4-93a6-8902d54b0222,232.106109,,0.024837,0.003726,0.763005,230.423409,2,0.8660254037844386,0.5000000000000001,0.17531985793574012,0.18498425365824933
2025-02-12 11:55:41.259000+00:00,9fba0395-9bfd-4ab4-93a6-8902d54b0222,232.106109,,0.024837,0.003726,0.763005,230.423409,2,0.8660254037844386,0.5000000000000001,0.17531985793574012,0.18498425365824933
2025-02-12 11:55:41.259000+00:00,9fba0395-9bfd-4ab4-93a6-8902d54b0222,232.106109,,0.024837,0.003726,0.763005,230.423409,2,0.8660254037844386,0.5000000000000001,0.17531985793574012,0.18498425365824933
2025-02-12 11:55:41.928000+00:00,9fba0395-9bfd-4ab4-93a6-8902d54b0222,245.9928,,0.026323,0.003948,0.763005,244.209425,2,0.8660254037844386,0.5000000000000001,0.17285789174533456,0.18498425365824933
2025-02-12 11:55:41.928000+00:00,9fba0395-9bfd-4ab4-93a6-8902d54b0222,245.9928,,0.026323,0.003948,0.763005,244.209425,2,0.8660254037844386,0.5000000000000001,0.17285789174533456,0.18498425365824933
2025-02-12 11:55:41.928000+00:00,9fba0395-9bfd-4ab4-93a6-8902d54b0222,245.9928,,0.026323,0.003948,0.763005,244.209425,2,0.8660254037844386,0.5000000000000001,0.17285789174533456,0.18498425365824933
2025-02-12 11:55:42.496000+00:00,9fba0395-9bfd-4ab4-93a6-8902d54b0222,219.135025,,0.023449,0.003517,0.763005,217.546361,2,0.8660254037844386,0.5000000000000001,0.17531985793574012,0.18496403750015478
2025-02-12 11:55:42.496000+00:00,9fba0395-9bfd-4ab4-93a6-8902d54b0222,219.135025,,0.023449,0.003517,0.763005,217.546361,2,0.8660254037844386,0.5000000000000001,0.17531985793574012,0.18496403750015478
2025-02-12 11:55:42.496000+00:00,9fba0395-9bfd-4ab4-93a6-8902d54b0222,219.135025,,0.023449,0.003517,0.763005,217.546361,2,0.8660254037844386,0.5000000000000001,0.17531985793574012,0.18496403750015478
2025-02-12 11:55:43.062000+00:00,9fba0395-9bfd-4ab4-93a6-8902d54b0222,235.768533,,0.025229,0.003784,0.763005,234.059282,2,0.8660254037844386,0.5000000000000001,0.17285789174533456,0.18478209207730384
2025-02-12 11:55:43.062000+00:00,9fba0395-9bfd-4ab4-93a6-8902d54b0222,235.768533,,0.025229,0.003784,0.763005,234.059282,2,0.8660254037844386,0.5000000000000001,0.17285789174533456,0.18478209207730384
2025-02-12 11:55:43.062000+00:00,9fba0395-9bfd-4ab4-93a6-8902d54b0222,235.768533,,0.025229,0.003784,0.763005,234.059282,2,0.8660254037844386,0.5000000000000001,0.17285789174533456,0.18478209207730384
2025-02-12 11:55:43.618000+00:00,9fba0395-9bfd-4ab4-93a6-8902d54b0222,218.677222,,0.0234,0.00351,0.763005,217.091877,2,0.8660254037844386,0.5000000000000001,0.17531985793574012,0.18478209207730384
2025-02-12 11:55:43.618000+00:00,9fba0395-9bfd-4ab4-93a6-8902d54b0222,218.677222,,0.0234,0.00351,0.763005,217.091877,2,0.8660254037844386,0.5000000000000001,0.17531985793574012,0.18478209207730384
2025-02-12 11:55:43.618000+00:00,9fba0395-9bfd-4ab4-93a6-8902d54b0222,218.677222,,0.0234,0.00351,0.763005,217.091877,2,0.8660254037844386,0.5000000000000001,0.17531985793574012,0.18478209207730384
2025-02-12 11:55:44.567000+00:00,9fba0395-9bfd-4ab4-93a6-8902d54b0222,206.621744,,0.02211,0.003316,0.763005,205.123798,2,0.8660254037844386,0.5000000000000001,0.17531985793574012,0.18478209207730384
2025-02-12 11:55:44.567000+00:00,9fba0395-9bfd-4ab4-93a6-8902d54b0222,206.621744,,0.02211,0.003316,0.763005,205.123798,2,0.8660254037844386,0.5000000000000001,0.17531985793574012,0.18478209207730384
2025-02-12 11:55:44.567000+00:00,9fba0395-9bfd-4ab4-93a6-8902d54b0222,206.621744,,0.02211,0.003316,0.763005,205.123798,2,0.8660254037844386,0.5000000000000001,0.17531985793574012,0.18478209207730384
2025-02-12 11:55:45.551000+00:00,9fba0395-9bfd-4ab4-93a6-8902d54b0222,217.151212,,0.023237,0.003485,0.763005,215.57693,2,0.8660254037844386,0.5000000000000001,0.17531985793574012,0.18478209207730384
2025-02-12 11:55:45.551000+00:00,9fba0395-9bfd-4ab4-93a6-8902d54b0222,217.151212,,0.023237,0.003485,0.763005,215.57693,2,0.8660254037844386,0.5000000000000001,0.17531985793574012,0.18478209207730384
2025-02-12 11:55:45.551000+00:00,9fba0395-9bfd-4ab4-93a6-8902d54b0222,217.151212,,0.023237,0.003485,0.763005,215.57693,2,0.8660254037844386,0.5000000000000001,0.17531985793574012,0.18478209207730384
2025-02-12 11:55:46.125000+00:00,9fba0395-9bfd-4ab4-93a6-8902d54b0222,222.187045,,0.023775,0.003566,0.763005,220.576255,2,0.8660254037844386,0.5000000000000001,0.17531985793574012,0.18146099291649587
2025-02-12 11:55:46.125000+00:00,9fba0395-9bfd-4ab4-93a6-8902d54b0222,222.187045,,0.023775,0.003566,0.763005,220.576255,2,0.8660254037844386,0.5000000000000001,0.17531985793574012,0.18146099291649587
2025-02-12 11:55:46.125000+00:00,9fba0395-9bfd-4ab4-93a6-8902d54b0222,222.187045,,0.023775,0.003566,0.763005,220.576255,2,0.8660254037844386,0.5000000000000001,0.17531985793574012,0.18146099291649587
2025-02-12 11:55:46.670000+00:00,9fba0395-9bfd-4ab4-93a6-8902d54b0222,207.53735,,0.022208,0.003331,0.763005,206.032766,2,0.8660254037844386,0.5000000000000001,0.17531985793574012,0.18146099291649587
2025-02-12 11:55:46.670000+00:00,9fba0395-9bfd-4ab4-93a6-8902d54b0222,207.53735,,0.022208,0.003331,0.763005,206.032766,2,0.8660254037844386,0.5000000000000001,0.17531985793574012,0.18146099291649587
2025-02-12 11:55:46.670000+00:00,9fba0395-9bfd-4ab4-93a6-8902d54b0222,207.53735,,0.022208,0.003331,0.763005,206.032766,2,0.8660254037844386,0.5000000000000001,0.17531985793574012,0.18146099291649587
2025-02-12 11:55:47.661000+00:00,9fba0395-9bfd-4ab4-93a6-8902d54b0222,229.817095,,0.024592,0.003689,0.763005,228.150989,2,0.8660254037844386,0.5000000000000001,0.17531985793574012,0.18131560958659976
2025-02-12 11:55:47.661000+00:00,9fba0395-9bfd-4ab4-93a6-8902d54b0222,229.817095,,0.024592,0.003689,0.763005,228.150989,2,0.8660254037844386,0.5000000000000001,0.17531985793574012,0.18131560958659976
2025-02-12 11:55:47.661000+00:00,9fba0395-9bfd-4ab4-93a6-8902d54b0222,229.817095,,0.024592,0.003689,0.763005,228.150989,2,0.8660254037844386,0.5000000000000001,0.17531985793574012,0.18131560958659976
2025-02-12 12:02:11.297000+00:00,a4eeca3e-2c35-4b96-998b-da58d162160c,169.492355,,0.015839,0.002286,0.470812,168.443033,2,0.8660254037844386,0.5000000000000001,0.18364077191923694,0.18478209207730384
2025-02-12 12:02:11.297000+00:00,a4eeca3e-2c35-4b96-998b-da58d162160c,169.492355,,0.015839,0.002286,0.470812,168.443033,2,0.8660254037844386,0.5000000000000001,0.18364077191923694,0.18478209207730384
2025-02-12 12:02:11.297000+00:00,a4eeca3e-2c35-4b96-998b-da58d162160c,169.492355,,0.015839,0.002286,0.470812,168.443033,2,0.8660254037844386,0.5000000000000001,0.18364077191923694,0.18478209207730384
2025-02-12 12:02:11.914000+00:00,a4eeca3e-2c35-4b96-998b-da58d162160c,158.475352,,0.01481,0.002138,0.470812,157.494236,2,0.8660254037844386,0.5000000000000001,0.18406857105964752,0.18478209207730384
2025-02-12 12:02:11.914000+00:00,a4eeca3e-2c35-4b96-998b-da58d162160c,158.475352,,0.01481,0.002138,0.470812,157.494236,2,0.8660254037844386,0.5000000000000001,0.18406857105964752,0.18478209207730384
2025-02-12 12:02:11.914000+00:00,a4eeca3e-2c35-4b96-998b-da58d162160c,158.475352,,0.01481,0.002138,0.470812,157.494236,2,0.8660254037844386,0.5000000000000001,0.18406857105964752,0.18478209207730384
2025-02-12 12:17:56.683000+00:00,d3c31866-8765-49e8-8a71-2e8f58b0ed35,270.843356,,0.0191,0.002605,0.424519,269.61836,2,0.8660254037844386,0.5000000000000001,0.17650229330579315,0.18498425365824933
2025-02-12 12:17:56.683000+00:00,d3c31866-8765-49e8-8a71-2e8f58b0ed35,270.843356,,0.0191,0.002605,0.424519,269.61836,2,0.8660254037844386,0.5000000000000001,0.17650229330579315,0.18498425365824933
2025-02-12 12:17:56.683000+00:00,d3c31866-8765-49e8-8a71-2e8f58b0ed35,270.843356,,0.0191,0.002605,0.424519,269.61836,2,0.8660254037844386,0.5000000000000001,0.17650229330579315,0.18498425365824933
2025-02-12 12:17:57.237000+00:00,d3c31866-8765-49e8-8a71-2e8f58b0ed35,271.692395,,0.01916,0.002613,0.424519,270.463559,2,0.8660254037844386,0.5000000000000001,0.17650229330579315,0.18498425365824933
2025-02-12 12:17:57.237000+00:00,d3c31866-8765-49e8-8a71-2e8f58b0ed35,271.692395,,0.01916,0.002613,0.424519,270.463559,2,0.8660254037844386,0.5000000000000001,0.17650229330579315,0.18498425365824933
2025-02-12 12:17:57.237000+00:00,d3c31866-8765-49e8-8a71-2e8f58b0ed35,271.692395,,0.01916,0.002613,0.424519,270.463559,2,0.8660254037844386,0.5000000000000001,0.17650229330579315,0.18498425365824933
2025-02-12 12:17:57.778000+00:00,d3c31866-8765-49e8-8a71-2e8f58b0ed35,231.787574,,0.016346,0.002229,0.424519,230.739224,2,0.8660254037844386,0.5000000000000001,0.17693974550748215,0.18498425365824933
2025-02-12 12:17:57.778000+00:00,d3c31866-8765-49e8-8a71-2e8f58b0ed35,231.787574,,0.016346,0.002229,0.424519,230.739224,2,0.8660254037844386,0.5000000000000001,0.17693974550748215,0.18498425365824933
2025-02-12 12:17:57.778000+00:00,d3c31866-8765-49e8-8a71-2e8f58b0ed35,231.787574,,0.016346,0.002229,0.424519,230.739224,2,0.8660254037844386,0.5000000000000001,0.17693974550748215,0.18498425365824933
2025-02-12 12:17:58.368000+00:00,d3c31866-8765-49e8-8a71-2e8f58b0ed35,208.01449,,0.014669,0.002,0.424519,207.073662,2,0.8660254037844386,0.5000000000000001,0.18333017692777198,0.18498425365824933
2025-02-12 12:17:58.368000+00:00,d3c31866-8765-49e8-8a71-2e8f58b0ed35,208.01449,,0.014669,0.002,0.424519,207.073662,2,0.8660254037844386,0.5000000000000001,0.18333017692777198,0.18498425365824933
2025-02-12 12:17:58.368000+00:00,d3c31866-8765-49e8-8a71-2e8f58b0ed35,208.01449,,0.014669,0.002,0.424519,207.073662,2,0.8660254037844386,0.5000000000000001,0.18333017692777198,0.18498425365824933
2025-02-12 12:17:59.195000+00:00,d3c31866-8765-49e8-8a71-2e8f58b0ed35,202.071219,,0.01425,0.001943,0.424519,201.157272,2,0.8660254037844386,0.5000000000000001,0.18333017692777198,0.18498425365824933
2025-02-12 12:17:59.195000+00:00,d3c31866-8765-49e8-8a71-2e8f58b0ed35,202.071219,,0.01425,0.001943,0.424519,201.157272,2,0.8660254037844386,0.5000000000000001,0.18333017692777198,0.18498425365824933
2025-02-12 12:17:59.195000+00:00,d3c31866-8765-49e8-8a71-2e8f58b0ed35,202.071219,,0.01425,0.001943,0.424519,201.157272,2,0.8660254037844386,0.5000000000000001,0.18333017692777198,0.18498425365824933
2025-02-12 12:17:59.794000+00:00,d3c31866-8765-49e8-8a71-2e8f58b0ed35,214.8068,,0.015148,0.002066,0.424519,213.835251,2,0.8660254037844386,0.5000000000000001,0.17980280103810348,0.18498425365824933
2025-02-12 12:17:59.794000+00:00,d3c31866-8765-49e8-8a71-2e8f58b0ed35,214.8068,,0.015148,0.002066,0.424519,213.835251,2,0.8660254037844386,0.5000000000000001,0.17980280103810348,0.18498425365824933
2025-02-12 12:17:59.794000+00:00,d3c31866-8765-49e8-8a71-2e8f58b0ed35,214.8068,,0.015148,0.002066,0.424519,213.835251,2,0.8660254037844386,0.5000000000000001,0.17980280103810348,0.18498425365824933
2025-02-12 12:18:00.470000+00:00,d3c31866-8765-49e8-8a71-2e8f58b0ed35,213.533242,,0.015058,0.002053,0.424519,212.567453,2,0.8660254037844386,0.5000000000000001,0.17984772758265605,0.18497988342254693
2025-02-12 12:18:00.470000+00:00,d3c31866-8765-49e8-8a71-2e8f58b0ed35,213.533242,,0.015058,0.002053,0.424519,212.567453,2,0.8660254037844386,0.5000000000000001,0.17984772758265605,0.18497988342254693
2025-02-12 12:18:00.470000+00:00,d3c31866-8765-49e8-8a71-2e8f58b0ed35,213.533242,,0.015058,0.002053,0.424519,212.567453,2,0.8660254037844386,0.5000000000000001,0.17984772758265605,0.18497988342254693
2025-02-12 12:18:01.028000+00:00,d3c31866-8765-49e8-8a71-2e8f58b0ed35,200.797661,,0.01416,0.001931,0.424519,199.889474,2,0.8660254037844386,0.5000000000000001,0.18333017692777198,0.18487406870880543
2025-02-12 12:18:01.028000+00:00,d3c31866-8765-49e8-8a71-2e8f58b0ed35,200.797661,,0.01416,0.001931,0.424519,199.889474,2,0.8660254037844386,0.5000000000000001,0.18333017692777198,0.18487406870880543
2025-02-12 12:18:01.028000+00:00,d3c31866-8765-49e8-8a71-2e8f58b0ed35,200.797661,,0.01416,0.001931,0.424519,199.889474,2,0.8660254037844386,0.5000000000000001,0.18333017692777198,0.18487406870880543
2025-02-12 12:18:01.586000+00:00,d3c31866-8765-49e8-8a71-2e8f58b0ed35,225.844303,,0.015927,0.002172,0.424519,224.822833,2,0.8660254037844386,0.5000000000000001,0.17693974550748215,0.18478209207730384
2025-02-12 12:18:01.586000+00:00,d3c31866-8765-49e8-8a71-2e8f58b0ed35,225.844303,,0.015927,0.002172,0.424519,224.822833,2,0.8660254037844386,0.5000000000000001,0.17693974550748215,0.18478209207730384
2025-02-12 12:18:01.586000+00:00,d3c31866-8765-49e8-8a71-2e8f58b0ed35,225.844303,,0.015927,0.002172,0.424519,224.822833,2,0.8660254037844386,0.5000000000000001,0.17693974550748215,0.18478209207730384
2025-02-12 12:18:02.301000+00:00,d3c31866-8765-49e8-8a71-2e8f58b0ed35,234.75921,,0.016555,0.002258,0.424519,233.697419,2,0.8660254037844386,0.5000000000000001,0.17693974550748215,0.18478209207730384
2025-02-12 12:18:02.301000+00:00,d3c31866-8765-49e8-8a71-2e8f58b0ed35,234.75921,,0.016555,0.002258,0.424519,233.697419,2,0.8660254037844386,0.5000000000000001,0.17693974550748215,0.18478209207730384
2025-02-12 12:18:02.301000+00:00,d3c31866-8765-49e8-8a71-2e8f58b0ed35,234.75921,,0.016555,0.002258,0.424519,233.697419,2,0.8660254037844386,0.5000000000000001,0.17693974550748215,0.18478209207730384
2025-02-12 12:18:02.922000+00:00,d3c31866-8765-49e8-8a71-2e8f58b0ed35,257.683256,,0.018172,0.002478,0.424519,256.517782,2,0.8660254037844386,0.5000000000000001,0.17650229330579315,0.18478209207730384
2025-02-12 12:18:02.922000+00:00,d3c31866-8765-49e8-8a71-2e8f58b0ed35,257.683256,,0.018172,0.002478,0.424519,256.517782,2,0.8660254037844386,0.5000000000000001,0.17650229330579315,0.18478209207730384
2025-02-12 12:18:02.922000+00:00,d3c31866-8765-49e8-8a71-2e8f58b0ed35,257.683256,,0.018172,0.002478,0.424519,256.517782,2,0.8660254037844386,0.5000000000000001,0.17650229330579315,0.18478209207730384
2025-02-12 12:18:03.581000+00:00,d3c31866-8765-49e8-8a71-2e8f58b0ed35,304.380386,,0.021465,0.002927,0.424519,303.003706,2,0.8660254037844386,0.5000000000000001,0.17404750386160955,0.18478209207730384
2025-02-12 12:18:03.581000+00:00,d3c31866-8765-49e8-8a71-2e8f58b0ed35,304.380386,,0.021465,0.002927,0.424519,303.003706,2,0.8660254037844386,0.5000000000000001,0.17404750386160955,0.18478209207730384
2025-02-12 12:18:03.581000+00:00,d3c31866-8765-49e8-8a71-2e8f58b0ed35,304.380386,,0.021465,0.002927,0.424519,303.003706,2,0.8660254037844386,0.5000000000000001,0.17404750386160955,0.18478209207730384
2025-02-12 14:23:02.023000+00:00,a4eeca3e-2c35-4b96-998b-da58d162160c,153.108094,,0.014308,0.002065,0.470812,152.160206,2,0.8660254037844386,0.5000000000000001,0.18406857105964752,0.18478209207730384
2025-02-12 14:23:02.023000+00:00,a4eeca3e-2c35-4b96-998b-da58d162160c,153.108094,,0.014308,0.002065,0.470812,152.160206,2,0.8660254037844386,0.5000000000000001,0.18406857105964752,0.18478209207730384
2025-02-12 14:23:02.023000+00:00,a4eeca3e-2c35-4b96-998b-da58d162160c,153.108094,,0.014308,0.002065,0.470812,152.160206,2,0.8660254037844386,0.5000000000000001,0.18406857105964752,0.18478209207730384
2025-02-12 14:23:02.759000+00:00,a4eeca3e-2c35-4b96-998b-da58d162160c,154.52053,,0.01444,0.002084,0.470812,153.563898,2,0.8660254037844386,0.5000000000000001,0.18406857105964752,0.1843468442565335
2025-02-12 14:23:02.759000+00:00,a4eeca3e-2c35-4b96-998b-da58d162160c,154.52053,,0.01444,0.002084,0.470812,153.563898,2,0.8660254037844386,0.5000000000000001,0.18406857105964752,0.1843468442565335
2025-02-12 14:23:02.759000+00:00,a4eeca3e-2c35-4b96-998b-da58d162160c,154.52053,,0.01444,0.002084,0.470812,153.563898,2,0.8660254037844386,0.5000000000000001,0.18406857105964752,0.1843468442565335
2025-02-12 14:24:12.057000+00:00,9fba0395-9bfd-4ab4-93a6-8902d54b0222,230.274898,,0.024641,0.003696,0.763005,228.605473,2,0.8660254037844386,0.5000000000000001,0.17531985793574012,0.18406857105964752
2025-02-12 14:24:12.057000+00:00,9fba0395-9bfd-4ab4-93a6-8902d54b0222,230.274898,,0.024641,0.003696,0.763005,228.605473,2,0.8660254037844386,0.5000000000000001,0.17531985793574012,0.18406857105964752
2025-02-12 14:24:12.057000+00:00,9fba0395-9bfd-4ab4-93a6-8902d54b0222,230.274898,,0.024641,0.003696,0.763005,228.605473,2,0.8660254037844386,0.5000000000000001,0.17531985793574012,0.18406857105964752
2025-02-12 14:24:12.807000+00:00,9fba0395-9bfd-4ab4-93a6-8902d54b0222,234.242523,,0.025066,0.00376,0.763005,232.544335,2,0.8660254037844386,0.5000000000000001,0.17285789174533456,0.18406857105964752
2025-02-12 14:24:12.807000+00:00,9fba0395-9bfd-4ab4-93a6-8902d54b0222,234.242523,,0.025066,0.00376,0.763005,232.544335,2,0.8660254037844386,0.5000000000000001,0.17285789174533456,0.18406857105964752
2025-02-12 14:24:12.807000+00:00,9fba0395-9bfd-4ab4-93a6-8902d54b0222,234.242523,,0.025066,0.00376,0.763005,232.544335,2,0.8660254037844386,0.5000000000000001,0.17285789174533456,0.18406857105964752
2025-02-12 14:24:13.485000+00:00,9fba0395-9bfd-4ab4-93a6-8902d54b0222,249.655224,,0.026715,0.004007,0.763005,247.845297,2,0.8660254037844386,0.5000000000000001,0.17285789174533456,0.18406857105964752
2025-02-12 14:24:13.485000+00:00,9fba0395-9bfd-4ab4-93a6-8902d54b0222,249.655224,,0.026715,0.004007,0.763005,247.845297,2,0.8660254037844386,0.5000000000000001,0.17285789174533456,0.18406857105964752
2025-02-12 14:24:13.485000+00:00,9fba0395-9bfd-4ab4-93a6-8902d54b0222,249.655224,,0.026715,0.004007,0.763005,247.845297,2,0.8660254037844386,0.5000000000000001,0.17285789174533456,0.18406857105964752
2025-02-12 14:24:14.395000+00:00,9fba0395-9bfd-4ab4-93a6-8902d54b0222,227.222878,,0.024314,0.003647,0.763005,225.575579,2,0.8660254037844386,0.5000000000000001,0.17531985793574012,0.18406857105964752
2025-02-12 14:24:14.395000+00:00,9fba0395-9bfd-4ab4-93a6-8902d54b0222,227.222878,,0.024314,0.003647,0.763005,225.575579,2,0.8660254037844386,0.5000000000000001,0.17531985793574012,0.18406857105964752
2025-02-12 14:24:14.395000+00:00,9fba0395-9bfd-4ab4-93a6-8902d54b0222,227.222878,,0.024314,0.003647,0.763005,225.575579,2,0.8660254037844386,0.5000000000000001,0.17531985793574012,0.18406857105964752
2025-02-12 14:24:15.340000+00:00,9fba0395-9bfd-4ab4-93a6-8902d54b0222,225.696868,,0.024151,0.003623,0.763005,224.060633,2,0.8660254037844386,0.5000000000000001,0.17531985793574012,0.18364077191923694
2025-02-12 14:24:15.340000+00:00,9fba0395-9bfd-4ab4-93a6-8902d54b0222,225.696868,,0.024151,0.003623,0.763005,224.060633,2,0.8660254037844386,0.5000000000000001,0.17531985793574012,0.18364077191923694
2025-02-12 14:24:15.340000+00:00,9fba0395-9bfd-4ab4-93a6-8902d54b0222,225.696868,,0.024151,0.003623,0.763005,224.060633,2,0.8660254037844386,0.5000000000000001,0.17531985793574012,0.18364077191923694
2025-02-12 14:24:15.996000+00:00,9fba0395-9bfd-4ab4-93a6-8902d54b0222,228.748888,,0.024478,0.003672,0.763005,227.090526,2,0.8660254037844386,0.5000000000000001,0.17531985793574012,0.18333017692777198
2025-02-12 14:24:15.996000+00:00,9fba0395-9bfd-4ab4-93a6-8902d54b0222,228.748888,,0.024478,0.003672,0.763005,227.090526,2,0.8660254037844386,0.5000000000000001,0.17531985793574012,0.18333017692777198
2025-02-12 14:24:15.996000+00:00,9fba0395-9bfd-4ab4-93a6-8902d54b0222,228.748888,,0.024478,0.003672,0.763005,227.090526,2,0.8660254037844386,0.5000000000000001,0.17531985793574012,0.18333017692777198
2025-02-12 14:24:16.667000+00:00,9fba0395-9bfd-4ab4-93a6-8902d54b0222,204.790532,,0.021914,0.003287,0.763005,203.305861,2,0.8660254037844386,0.5000000000000001,0.17531985793574012,0.18333017692777198
2025-02-12 14:24:16.667000+00:00,9fba0395-9bfd-4ab4-93a6-8902d54b0222,204.790532,,0.021914,0.003287,0.763005,203.305861,2,0.8660254037844386,0.5000000000000001,0.17531985793574012,0.18333017692777198
2025-02-12 14:24:16.667000+00:00,9fba0395-9bfd-4ab4-93a6-8902d54b0222,204.790532,,0.021914,0.003287,0.763005,203.305861,2,0.8660254037844386,0.5000000000000001,0.17531985793574012,0.18333017692777198
2025-02-12 14:24:17.535000+00:00,9fba0395-9bfd-4ab4-93a6-8902d54b0222,202.348916,,0.021653,0.003248,0.763005,200.881946,2,0.8660254037844386,0.5000000000000001,0.1748802122627871,0.18333017692777198
2025-02-12 14:24:17.535000+00:00,9fba0395-9bfd-4ab4-93a6-8902d54b0222,202.348916,,0.021653,0.003248,0.763005,200.881946,2,0.8660254037844386,0.5000000000000001,0.1748802122627871,0.18333017692777198
2025-02-12 14:24:17.535000+00:00,9fba0395-9bfd-4ab4-93a6-8902d54b0222,202.348916,,0.021653,0.003248,0.763005,200.881946,2,0.8660254037844386,0.5000000000000001,0.1748802122627871,0.18333017692777198
2025-02-12 14:24:18.288000+00:00,9fba0395-9bfd-4ab4-93a6-8902d54b0222,211.733877,,0.022657,0.003399,0.763005,210.198869,2,0.8660254037844386,0.5000000000000001,0.17531985793574012,0.18146099291649587
2025-02-12 14:24:18.288000+00:00,9fba0395-9bfd-4ab4-93a6-8902d54b0222,211.733877,,0.022657,0.003399,0.763005,210.198869,2,0.8660254037844386,0.5000000000000001,0.17531985793574012,0.18146099291649587
2025-02-12 14:24:18.288000+00:00,9fba0395-9bfd-4ab4-93a6-8902d54b0222,211.733877,,0.022657,0.003399,0.763005,210.198869,2,0.8660254037844386,0.5000000000000001,0.17531985793574012,0.18146099291649587
2025-02-12 14:24:19.095000+00:00,9fba0395-9bfd-4ab4-93a6-8902d54b0222,208.835984,,0.022347,0.003352,0.763005,207.321985,2,0.8660254037844386,0.5000000000000001,0.17531985793574012,0.18146099291649587
2025-02-12 14:24:19.095000+00:00,9fba0395-9bfd-4ab4-93a6-8902d54b0222,208.835984,,0.022347,0.003352,0.763005,207.321985,2,0.8660254037844386,0.5000000000000001,0.17531985793574012,0.18146099291649587
2025-02-12 14:24:19.095000+00:00,9fba0395-9bfd-4ab4-93a6-8902d54b0222,208.835984,,0.022347,0.003352,0.763005,207.321985,2,0.8660254037844386,0.5000000000000001,0.17531985793574012,0.18146099291649587
2025-02-12 14:26:10.426000+00:00,d3c31866-8765-49e8-8a71-2e8f58b0ed35,271.692395,,0.01916,0.002613,0.424519,270.463559,2,0.8660254037844386,0.5000000000000001,0.17650229330579315,0.18146099291649587
2025-02-12 14:26:10.426000+00:00,d3c31866-8765-49e8-8a71-2e8f58b0ed35,271.692395,,0.01916,0.002613,0.424519,270.463559,2,0.8660254037844386,0.5000000000000001,0.17650229330579315,0.18146099291649587
2025-02-12 14:26:10.426000+00:00,d3c31866-8765-49e8-8a71-2e8f58b0ed35,271.692395,,0.01916,0.002613,0.424519,270.463559,2,0.8660254037844386,0.5000000000000001,0.17650229330579315,0.18146099291649587
2025-02-12 14:26:11.229000+00:00,d3c31866-8765-49e8-8a71-2e8f58b0ed35,285.701534,,0.020148,0.002747,0.424519,284.409336,2,0.8660254037844386,0.5000000000000001,0.17404750386160955,0.1813853935849499
2025-02-12 14:26:11.229000+00:00,d3c31866-8765-49e8-8a71-2e8f58b0ed35,285.701534,,0.020148,0.002747,0.424519,284.409336,2,0.8660254037844386,0.5000000000000001,0.17404750386160955,0.1813853935849499
2025-02-12 14:26:11.229000+00:00,d3c31866-8765-49e8-8a71-2e8f58b0ed35,285.701534,,0.020148,0.002747,0.424519,284.409336,2,0.8660254037844386,0.5000000000000001,0.17404750386160955,0.1813853935849499
2025-02-12 14:26:12.038000+00:00,d3c31866-8765-49e8-8a71-2e8f58b0ed35,273.814992,,0.019309,0.002633,0.424519,272.576556,2,0.8660254037844386,0.5000000000000001,0.17650229330579315,0.18131560958659976
2025-02-12 14:26:12.038000+00:00,d3c31866-8765-49e8-8a71-2e8f58b0ed35,273.814992,,0.019309,0.002633,0.424519,272.576556,2,0.8660254037844386,0.5000000000000001,0.17650229330579315,0.18131560958659976
2025-02-12 14:26:12.038000+00:00,d3c31866-8765-49e8-8a71-2e8f58b0ed35,273.814992,,0.019309,0.002633,0.424519,272.576556,2,0.8660254037844386,0.5000000000000001,0.17650229330579315,0.18131560958659976
2025-02-12 14:26:12.814000+00:00,d3c31866-8765-49e8-8a71-2e8f58b0ed35,241.55152,,0.017034,0.002323,0.424519,240.459008,2,0.8660254037844386,0.5000000000000001,0.17650229330579315,0.18129503812963724
2025-02-12 14:26:12.814000+00:00,d3c31866-8765-49e8-8a71-2e8f58b0ed35,241.55152,,0.017034,0.002323,0.424519,240.459008,2,0.8660254037844386,0.5000000000000001,0.17650229330579315,0.18129503812963724
2025-02-12 14:26:12.814000+00:00,d3c31866-8765-49e8-8a71-2e8f58b0ed35,241.55152,,0.017034,0.002323,0.424519,240.459008,2,0.8660254037844386,0.5000000000000001,0.17650229330579315,0.18129503812963724
2025-02-12 14:26:13.596000+00:00,d3c31866-8765-49e8-8a71-2e8f58b0ed35,229.664978,,0.016196,0.002209,0.424519,228.626227,2,0.8660254037844386,0.5000000000000001,0.17693974550748215,0.1812708890279856
2025-02-12 14:26:13.596000+00:00,d3c31866-8765-49e8-8a71-2e8f58b0ed35,229.664978,,0.016196,0.002209,0.424519,228.626227,2,0.8660254037844386,0.5000000000000001,0.17693974550748215,0.1812708890279856
2025-02-12 14:26:13.596000+00:00,d3c31866-8765-49e8-8a71-2e8f58b0ed35,229.664978,,0.016196,0.002209,0.424519,228.626227,2,0.8660254037844386,0.5000000000000001,0.17693974550748215,0.1812708890279856
2025-02-12 14:26:15.161000+00:00,d3c31866-8765-49e8-8a71-2e8f58b0ed35,211.835164,,0.014939,0.002037,0.424519,210.877056,2,0.8660254037844386,0.5000000000000001,0.17984772758265605,0.18074431929321366
2025-02-12 14:26:15.161000+00:00,d3c31866-8765-49e8-8a71-2e8f58b0ed35,211.835164,,0.014939,0.002037,0.424519,210.877056,2,0.8660254037844386,0.5000000000000001,0.17984772758265605,0.18074431929321366
2025-02-12 14:26:15.161000+00:00,d3c31866-8765-49e8-8a71-2e8f58b0ed35,211.835164,,0.014939,0.002037,0.424519,210.877056,2,0.8660254037844386,0.5000000000000001,0.17984772758265605,0.18074431929321366
2025-02-12 14:26:15.882000+00:00,d3c31866-8765-49e8-8a71-2e8f58b0ed35,222.448148,,0.015687,0.002139,0.424519,221.442039,2,0.8660254037844386,0.5000000000000001,0.17980280103810348,0.17984772758265605
2025-02-12 14:26:15.882000+00:00,d3c31866-8765-49e8-8a71-2e8f58b0ed35,222.448148,,0.015687,0.002139,0.424519,221.442039,2,0.8660254037844386,0.5000000000000001,0.17980280103810348,0.17984772758265605
2025-02-12 14:26:15.882000+00:00,d3c31866-8765-49e8-8a71-2e8f58b0ed35,222.448148,,0.015687,0.002139,0.424519,221.442039,2,0.8660254037844386,0.5000000000000001,0.17980280103810348,0.17984772758265605
2025-02-12 14:26:16.653000+00:00,d3c31866-8765-49e8-8a71-2e8f58b0ed35,229.664978,,0.016196,0.002209,0.424519,228.626227,2,0.8660254037844386,0.5000000000000001,0.17693974550748215,0.17983380035384475
2025-02-12 14:26:16.653000+00:00,d3c31866-8765-49e8-8a71-2e8f58b0ed35,229.664978,,0.016196,0.002209,0.424519,228.626227,2,0.8660254037844386,0.5000000000000001,0.17693974550748215,0.17983380035384475
2025-02-12 14:26:16.653000+00:00,d3c31866-8765-49e8-8a71-2e8f58b0ed35,229.664978,,0.016196,0.002209,0.424519,228.626227,2,0.8660254037844386,0.5000000000000001,0.17693974550748215,0.17983380035384475
2025-02-12 14:26:17.559000+00:00,d3c31866-8765-49e8-8a71-2e8f58b0ed35,239.004404,,0.016855,0.002298,0.424519,237.923412,2,0.8660254037844386,0.5000000000000001,0.17650229330579315,0.17980280103810348
2025-02-12 14:26:17.559000+00:00,d3c31866-8765-49e8-8a71-2e8f58b0ed35,239.004404,,0.016855,0.002298,0.424519,237.923412,2,0.8660254037844386,0.5000000000000001,0.17650229330579315,0.17980280103810348
2025-02-12 14:26:17.559000+00:00,d3c31866-8765-49e8-8a71-2e8f58b0ed35,239.004404,,0.016855,0.002298,0.424519,237.923412,2,0.8660254037844386,0.5000000000000001,0.17650229330579315,0.17980280103810348
2025-02-12 15:54:57.583000+00:00,7b9e17b5-dbdf-4fd2-b712-bdc7d067aa5a,152.587859,,0.01778,0.002302,0.541092,151.479876,2,0.8660254037844386,0.5000000000000001,0.17818655672786515,0.17984772758265605
2025-02-12 15:54:57.583000+00:00,7b9e17b5-dbdf-4fd2-b712-bdc7d067aa5a,152.587859,,0.01778,0.002302,0.541092,151.479876,2,0.8660254037844386,0.5000000000000001,0.17818655672786515,0.17984772758265605
2025-02-12 15:54:57.583000+00:00,7b9e17b5-dbdf-4fd2-b712-bdc7d067aa5a,152.587859,,0.01778,0.002302,0.541092,151.479876,2,0.8660254037844386,0.5000000000000001,0.17818655672786515,0.17984772758265605
2025-02-12 15:54:58.475000+00:00,7b9e17b5-dbdf-4fd2-b712-bdc7d067aa5a,169.361702,,0.019734,0.002556,0.541092,168.131919,2,0.8660254037844386,0.5000000000000001,0.17818655672786515,0.17980280103810348
2025-02-12 15:54:58.475000+00:00,7b9e17b5-dbdf-4fd2-b712-bdc7d067aa5a,169.361702,,0.019734,0.002556,0.541092,168.131919,2,0.8660254037844386,0.5000000000000001,0.17818655672786515,0.17980280103810348
2025-02-12 15:54:58.475000+00:00,7b9e17b5-dbdf-4fd2-b712-bdc7d067aa5a,169.361702,,0.019734,0.002556,0.541092,168.131919,2,0.8660254037844386,0.5000000000000001,0.17818655672786515,0.17980280103810348
2025-02-12 15:54:58.849000+00:00,7b9e17b5-dbdf-4fd2-b712-bdc7d067aa5a,139.601658,,0.016267,0.002106,0.541092,138.587972,2,0.8660254037844386,0.5000000000000001,0.17862173137170145,0.17980280103810348
2025-02-12 15:54:58.849000+00:00,7b9e17b5-dbdf-4fd2-b712-bdc7d067aa5a,139.601658,,0.016267,0.002106,0.541092,138.587972,2,0.8660254037844386,0.5000000000000001,0.17862173137170145,0.17980280103810348
2025-02-12 15:54:58.849000+00:00,7b9e17b5-dbdf-4fd2-b712-bdc7d067aa5a,139.601658,,0.016267,0.002106,0.541092,138.587972,2,0.8660254037844386,0.5000000000000001,0.17862173137170145,0.17980280103810348
2025-02-12 15:55:03.266000+00:00,7b9e17b5-dbdf-4fd2-b712-bdc7d067aa5a,158.539868,,0.018473,0.002392,0.541092,157.388666,2,0.8660254037844386,0.5000000000000001,0.17818655672786515,0.17926620191024456
2025-02-12 15:55:03.266000+00:00,7b9e17b5-dbdf-4fd2-b712-bdc7d067aa5a,158.539868,,0.018473,0.002392,0.541092,157.388666,2,0.8660254037844386,0.5000000000000001,0.17818655672786515,0.17926620191024456
2025-02-12 15:55:03.266000+00:00,7b9e17b5-dbdf-4fd2-b712-bdc7d067aa5a,158.539868,,0.018473,0.002392,0.541092,157.388666,2,0.8660254037844386,0.5000000000000001,0.17818655672786515,0.17926620191024456
2025-04-24 06:41:54.487000+00:00,f6cf79ba-d82b-4cf3-a0d1-7c94fa19e876,1675.361877,,0.020431,0.015936,0.82,1614.06815,4,0.8660254037844387,-0.4999999999999998,0.15188803188503075,0.18131560958659976
2025-04-24 06:41:54.487000+00:00,f6cf79ba-d82b-4cf3-a0d1-7c94fa19e876,1675.361877,,0.020431,0.015936,0.82,1614.06815,4,0.8660254037844387,-0.4999999999999998,0.15188803188503075,0.18131560958659976
2025-04-24 06:41:54.487000+00:00,f6cf79ba-d82b-4cf3-a0d1-7c94fa19e876,1675.361877,,0.020431,0.015936,0.82,1614.06815,4,0.8660254037844387,-0.4999999999999998,0.15188803188503075,0.18131560958659976
2025-04-24 06:43:30.516000+00:00,674abb00-bd3d-4e10-ab02-413c4e46eb4b,2651.60366,,0.032337,0.025223,0.82,2554.59377,4,0.8660254037844387,-0.4999999999999998,0.16588782360809812,0.1812708890279856
2025-04-24 06:43:30.516000+00:00,674abb00-bd3d-4e10-ab02-413c4e46eb4b,2651.60366,,0.032337,0.025223,0.82,2554.59377,4,0.8660254037844387,-0.4999999999999998,0.16588782360809812,0.1812708890279856
2025-04-24 06:43:30.516000+00:00,674abb00-bd3d-4e10-ab02-413c4e46eb4b,2651.60366,,0.032337,0.025223,0.82,2554.59377,4,0.8660254037844387,-0.4999999999999998,0.16588782360809812,0.1812708890279856
2025-04-24 06:46:18.703000+00:00,8ccaec05-bd1d-44a2-a522-e2d02e33346c,783.264,,0.009552,0.007451,0.82,754.608,4,0.8660254037844387,-0.4999999999999998,0.17243515130198206,0.1812708890279856
2025-04-24 06:46:18.703000+00:00,8ccaec05-bd1d-44a2-a522-e2d02e33346c,783.264,,0.009552,0.007451,0.82,754.608,4,0.8660254037844387,-0.4999999999999998,0.17243515130198206,0.1812708890279856
2025-04-24 06:46:18.703000+00:00,8ccaec05-bd1d-44a2-a522-e2d02e33346c,783.264,,0.009552,0.007451,0.82,754.608,4,0.8660254037844387,-0.4999999999999998,0.17243515130198206,0.1812708890279856
2025-04-24 07:17:33.635000+00:00,f6cf79ba-d82b-4cf3-a0d1-7c94fa19e876,2499.784963,,0.030485,0.023778,0.82,2408.329416,4,0.8660254037844387,-0.4999999999999998,0.14972269467073995,0.17984772758265605
2025-04-24 07:17:33.635000+00:00,f6cf79ba-d82b-4cf3-a0d1-7c94fa19e876,2499.784963,,0.030485,0.023778,0.82,2408.329416,4,0.8660254037844387,-0.4999999999999998,0.14972269467073995,0.17984772758265605
2025-04-24 07:17:33.635000+00:00,f6cf79ba-d82b-4cf3-a0d1-7c94fa19e876,2499.784963,,0.030485,0.023778,0.82,2408.329416,4,0.8660254037844387,-0.4999999999999998,0.14972269467073995,0.17984772758265605
2025-04-24 07:19:09.653000+00:00,674abb00-bd3d-4e10-ab02-413c4e46eb4b,3100.18384,,0.037807,0.02949,0.82,2986.76248,4,0.8660254037844387,-0.4999999999999998,0.16312834664599163,0.17984772758265605
2025-04-24 07:19:09.653000+00:00,674abb00-bd3d-4e10-ab02-413c4e46eb4b,3100.18384,,0.037807,0.02949,0.82,2986.76248,4,0.8660254037844387,-0.4999999999999998,0.16312834664599163,0.17984772758265605
2025-04-24 07:19:09.653000+00:00,674abb00-bd3d-4e10-ab02-413c4e46eb4b,3100.18384,,0.037807,0.02949,0.82,2986.76248,4,0.8660254037844387,-0.4999999999999998,0.16312834664599163,0.17984772758265605
2025-04-24 07:21:57.941000+00:00,8ccaec05-bd1d-44a2-a522-e2d02e33346c,1020.654,,0.012447,0.009709,0.82,983.313,4,0.8660254037844387,-0.4999999999999998,0.16775635953393142,0.17980280103810348
2025-04-24 07:21:57.941000+00:00,8ccaec05-bd1d-44a2-a522-e2d02e33346c,1020.654,,0.012447,0.009709,0.82,983.313,4,0.8660254037844387,-0.4999999999999998,0.16775635953393142,0.17980280103810348
2025-04-24 07:21:57.941000+00:00,8ccaec05-bd1d-44a2-a522-e2d02e33346c,1020.654,,0.012447,0.009709,0.82,983.313,4,0.8660254037844387,-0.4999999999999998,0.16775635953393142,0.17980280103810348
2025-04-24 08:19:26.007000+00:00,f6cf79ba-d82b-4cf3-a0d1-7c94fa19e876,1995.920955,,0.02434,0.018986,0.82,1922.899457,4,0.8660254037844387,-0.4999999999999998,0.1523587689064531,0.17980280103810348
2025-04-24 08:19:26.007000+00:00,f6cf79ba-d82b-4cf3-a0d1-7c94fa19e876,1995.920955,,0.02434,0.018986,0.82,1922.899457,4,0.8660254037844387,-0.4999999999999998,0.1523587689064531,0.17980280103810348
2025-04-24 08:19:26.007000+00:00,f6cf79ba-d82b-4cf3-a0d1-7c94fa19e876,1995.920955,,0.02434,0.018986,0.82,1922.899457,4,0.8660254037844387,-0.4999999999999998,0.1523587689064531,0.17980280103810348
2025-04-24 08:21:01.915000+00:00,674abb00-bd3d-4e10-ab02-413c4e46eb4b,2952.42066,,0.036005,0.028084,0.82,2844.40527,4,0.8660254037844387,-0.4999999999999998,0.16312834664599163,0.17926620191024456
2025-04-24 08:21:01.915000+00:00,674abb00-bd3d-4e10-ab02-413c4e46eb4b,2952.42066,,0.036005,0.028084,0.82,2844.40527,4,0.8660254037844387,-0.4999999999999998,0.16312834664599163,0.17926620191024456
2025-04-24 08:21:01.915000+00:00,674abb00-bd3d-4e10-ab02-413c4e46eb4b,2952.42066,,0.036005,0.028084,0.82,2844.40527,4,0.8660254037844387,-0.4999999999999998,0.16312834664599163,0.17926620191024456
2025-04-24 08:23:49.929000+00:00,8ccaec05-bd1d-44a2-a522-e2d02e33346c,910.938,,0.011109,0.008665,0.82,877.611,4,0.8660254037844387,-0.4999999999999998,0.17243515130198206,0.17883189993660548
2025-04-24 08:23:49.929000+00:00,8ccaec05-bd1d-44a2-a522-e2d02e33346c,910.938,,0.011109,0.008665,0.82,877.611,4,0.8660254037844387,-0.4999999999999998,0.17243515130198206,0.17883189993660548
2025-04-24 08:23:49.929000+00:00,8ccaec05-bd1d-44a2-a522-e2d02e33346c,910.938,,0.011109,0.008665,0.82,877.611,4,0.8660254037844387,-0.4999999999999998,0.17243515130198206,0.17883189993660548
2025-04-24 09:09:53.780000+00:00,f6cf79ba-d82b-4cf3-a0d1-7c94fa19e876,1231.10035,,0.015013,0.01171,0.82,1186.060093,4,0.8660254037844387,-0.4999999999999998,0.1573416569536159,0.17883189993660548
2025-04-24 09:09:53.780000+00:00,f6cf79ba-d82b-4cf3-a0d1-7c94fa19e876,1231.10035,,0.015013,0.01171,0.82,1186.060093,4,0.8660254037844387,-0.4999999999999998,0.1573416569536159,0.17883189993660548
2025-04-24 09:09:53.780000+00:00,f6cf79ba-d82b-4cf3-a0d1-7c94fa19e876,1231.10035,,0.015013,0.01171,0.82,1186.060093,4,0.8660254037844387,-0.4999999999999998,0.1573416569536159,0.17883189993660548
2025-04-24 09:11:29.915000+00:00,674abb00-bd3d-4e10-ab02-413c4e46eb4b,2063.88506,,0.025169,0.019632,0.82,1988.37707,4,0.8660254037844387,-0.4999999999999998,0.16588782360809812,0.17883189993660548
2025-04-24 09:11:29.915000+00:00,674abb00-bd3d-4e10-ab02-413c4e46eb4b,2063.88506,,0.025169,0.019632,0.82,1988.37707,4,0.8660254037844387,-0.4999999999999998,0.16588782360809812,0.17883189993660548
2025-04-24 09:11:29.915000+00:00,674abb00-bd3d-4e10-ab02-413c4e46eb4b,2063.88506,,0.025169,0.019632,0.82,1988.37707,4,0.8660254037844387,-0.4999999999999998,0.16588782360809812,0.17883189993660548
2025-04-24 09:14:17.738000+00:00,8ccaec05-bd1d-44a2-a522-e2d02e33346c,940.95,,0.011475,0.008951,0.82,906.525,4,0.8660254037844387,-0.4999999999999998,0.17243515130198206,0.1786579064236036
2025-04-24 09:14:17.738000+00:00,8ccaec05-bd1d-44a2-a522-e2d02e33346c,940.95,,0.011475,0.008951,0.82,906.525,4,0.8660254037844387,-0.4999999999999998,0.17243515130198206,0.1786579064236036
2025-04-24 09:14:17.738000+00:00,8ccaec05-bd1d-44a2-a522-e2d02e33346c,940.95,,0.011475,0.008951,0.82,906.525,4,0.8660254037844387,-0.4999999999999998,0.17243515130198206,0.1786579064236036
2025-04-24 10:02:09.394000+00:00,f6cf79ba-d82b-4cf3-a0d1-7c94fa19e876,1567.377933,,0.019114,0.014909,0.82,1510.034838,4,0.8660254037844387,-0.4999999999999998,0.15188803188503075,0.17862720168601504
2025-04-24 10:02:09.394000+00:00,f6cf79ba-d82b-4cf3-a0d1-7c94fa19e876,1567.377933,,0.019114,0.014909,0.82,1510.034838,4,0.8660254037844387,-0.4999999999999998,0.15188803188503075,0.17862720168601504
2025-04-24 10:02:09.394000+00:00,f6cf79ba-d82b-4cf3-a0d1-7c94fa19e876,1567.377933,,0.019114,0.014909,0.82,1510.034838,4,0.8660254037844387,-0.4999999999999998,0.15188803188503075,0.17862720168601504
2025-04-24 10:03:45.147000+00:00,674abb00-bd3d-4e10-ab02-413c4e46eb4b,2561.07976,,0.031233,0.024361,0.82,2467.38172,4,0.8660254037844387,-0.4999999999999998,0.16588782360809812,0.17862720168601504
2025-04-24 10:03:45.147000+00:00,674abb00-bd3d-4e10-ab02-413c4e46eb4b,2561.07976,,0.031233,0.024361,0.82,2467.38172,4,0.8660254037844387,-0.4999999999999998,0.16588782360809812,0.17862720168601504
2025-04-24 10:03:45.147000+00:00,674abb00-bd3d-4e10-ab02-413c4e46eb4b,2561.07976,,0.031233,0.024361,0.82,2467.38172,4,0.8660254037844387,-0.4999999999999998,0.16588782360809812,0.17862720168601504
2025-04-24 10:06:45.216000+00:00,8ccaec05-bd1d-44a2-a522-e2d02e33346c,982.606,,0.011983,0.009347,0.82,946.657,4,0.8660254037844387,-0.4999999999999998,0.16950258165296533,0.17862720168601504
2025-04-24 10:06:45.216000+00:00,8ccaec05-bd1d-44a2-a522-e2d02e33346c,982.606,,0.011983,0.009347,0.82,946.657,4,0.8660254037844387,-0.4999999999999998,0.16950258165296533,0.17862720168601504
2025-04-24 10:06:45.216000+00:00,8ccaec05-bd1d-44a2-a522-e2d02e33346c,982.606,,0.011983,0.009347,0.82,946.657,4,0.8660254037844387,-0.4999999999999998,0.16950258165296533,0.17862720168601504
2025-04-24 10:53:42.161000+00:00,f6cf79ba-d82b-4cf3-a0d1-7c94fa19e876,390.576979,,0.004763,0.003715,0.82,376.287577,4,0.8660254037844387,-0.4999999999999998,0.16470021744587654,0.17862720168601504
2025-04-24 10:53:42.161000+00:00,f6cf79ba-d82b-4cf3-a0d1-7c94fa19e876,390.576979,,0.004763,0.003715,0.82,376.287577,4,0.8660254037844387,-0.4999999999999998,0.16470021744587654,0.17862720168601504
2025-04-24 10:53:42.161000+00:00,f6cf79ba-d82b-4cf3-a0d1-7c94fa19e876,390.576979,,0.004763,0.003715,0.82,376.287577,4,0.8660254037844387,-0.4999999999999998,0.16470021744587654,0.17862720168601504
2025-04-24 10:56:06.207000+00:00,a2c03e13-07f7-4066-8caa-c51c31defc5a,3278.47972,,0.039981,0.031186,0.82,3158.53534,4,0.8660254037844387,-0.4999999999999998,0.15437550015203166,0.17862720168601504
2025-04-24 10:56:06.207000+00:00,a2c03e13-07f7-4066-8caa-c51c31defc5a,3278.47972,,0.039981,0.031186,0.82,3158.53534,4,0.8660254037844387,-0.4999999999999998,0.15437550015203166,0.17862720168601504
2025-04-24 10:56:06.207000+00:00,a2c03e13-07f7-4066-8caa-c51c31defc5a,3278.47972,,0.039981,0.031186,0.82,3158.53534,4,0.8660254037844387,-0.4999999999999998,0.15437550015203166,0.17862720168601504
2025-04-24 10:58:18.231000+00:00,8ccaec05-bd1d-44a2-a522-e2d02e33346c,777.196,,0.009478,0.007393,0.82,748.762,4,0.8660254037844387,-0.4999999999999998,0.17243515130198206,0.17862720168601504
2025-04-24 10:58:18.231000+00:00,8ccaec05-bd1d-44a2-a522-e2d02e33346c,777.196,,0.009478,0.007393,0.82,748.762,4,0.8660254037844387,-0.4999999999999998,0.17243515130198206,0.17862720168601504
2025-04-24 10:58:18.231000+00:00,8ccaec05-bd1d-44a2-a522-e2d02e33346c,777.196,,0.009478,0.007393,0.82,748.762,4,0.8660254037844387,-0.4999999999999998,0.17243515130198206,0.17862720168601504
2025-04-24 11:44:59.342000+00:00,f6cf79ba-d82b-4cf3-a0d1-7c94fa19e876,1332.576484,,0.016251,0.012676,0.82,1283.823686,4,0.8660254037844387,-0.4999999999999998,0.1542777642420209,0.17862720168601504
2025-04-24 11:44:59.342000+00:00,f6cf79ba-d82b-4cf3-a0d1-7c94fa19e876,1332.576484,,0.016251,0.012676,0.82,1283.823686,4,0.8660254037844387,-0.4999999999999998,0.1542777642420209,0.17862720168601504
2025-04-24 11:44:59.342000+00:00,f6cf79ba-d82b-4cf3-a0d1-7c94fa19e876,1332.576484,,0.016251,0.012676,0.82,1283.823686,4,0.8660254037844387,-0.4999999999999998,0.1542777642420209,0.17862720168601504
2025-04-24 11:47:35.392000+00:00,a2c03e13-07f7-4066-8caa-c51c31defc5a,3382.87966,,0.041255,0.032179,0.82,3259.11577,4,0.8660254037844387,-0.4999999999999998,0.15437550015203166,0.17862720168601504
2025-04-24 11:47:35.392000+00:00,a2c03e13-07f7-4066-8caa-c51c31defc5a,3382.87966,,0.041255,0.032179,0.82,3259.11577,4,0.8660254037844387,-0.4999999999999998,0.15437550015203166,0.17862720168601504
2025-04-24 11:47:35.392000+00:00,a2c03e13-07f7-4066-8caa-c51c31defc5a,3382.87966,,0.041255,0.032179,0.82,3259.11577,4,0.8660254037844387,-0.4999999999999998,0.15437550015203166,0.17862720168601504
2025-04-24 11:49:47.424000+00:00,8ccaec05-bd1d-44a2-a522-e2d02e33346c,749.89,,0.009145,0.007133,0.82,722.455,4,0.8660254037844387,-0.4999999999999998,0.17243515130198206,0.17862720168601504
2025-04-24 11:49:47.424000+00:00,8ccaec05-bd1d-44a2-a522-e2d02e33346c,749.89,,0.009145,0.007133,0.82,722.455,4,0.8660254037844387,-0.4999999999999998,0.17243515130198206,0.17862720168601504
2025-04-24 11:49:47.424000+00:00,8ccaec05-bd1d-44a2-a522-e2d02e33346c,749.89,,0.009145,0.007133,0.82,722.455,4,0.8660254037844387,-0.4999999999999998,0.17243515130198206,0.17862720168601504
2025-04-24 12:37:52.841000+00:00,f6cf79ba-d82b-4cf3-a0d1-7c94fa19e876,1785.580653,,0.021775,0.016985,0.82,1720.254531,4,0.8660254037844387,-0.4999999999999998,0.15188803188503075,0.17862173137170145
2025-04-24 12:37:52.841000+00:00,f6cf79ba-d82b-4cf3-a0d1-7c94fa19e876,1785.580653,,0.021775,0.016985,0.82,1720.254531,4,0.8660254037844387,-0.4999999999999998,0.15188803188503075,0.17862173137170145
2025-04-24 12:37:52.841000+00:00,f6cf79ba-d82b-4cf3-a0d1-7c94fa19e876,1785.580653,,0.021775,0.016985,0.82,1720.254531,4,0.8660254037844387,-0.4999999999999998,0.15188803188503075,0.17862173137170145
2025-04-24 12:40:16.896000+00:00,a2c03e13-07f7-4066-8caa-c51c31defc5a,2808.96084,,0.034256,0.026719,0.82,2706.19398,4,0.8660254037844387,-0.4999999999999998,0.15437550015203166,0.17842096046241107
2025-04-24 12:40:16.896000+00:00,a2c03e13-07f7-4066-8caa-c51c31defc5a,2808.96084,,0.034256,0.026719,0.82,2706.19398,4,0.8660254037844387,-0.4999999999999998,0.15437550015203166,0.17842096046241107
2025-04-24 12:40:16.896000+00:00,a2c03e13-07f7-4066-8caa-c51c31defc5a,2808.96084,,0.034256,0.026719,0.82,2706.19398,4,0.8660254037844387,-0.4999999999999998,0.15437550015203166,0.17842096046241107
2025-04-24 12:42:16.954000+00:00,8ccaec05-bd1d-44a2-a522-e2d02e33346c,646.242,,0.007881,0.006147,0.82,622.599,4,0.8660254037844387,-0.4999999999999998,0.17287810332696918,0.17842096046241107
2025-04-24 12:42:16.954000+00:00,8ccaec05-bd1d-44a2-a522-e2d02e33346c,646.242,,0.007881,0.006147,0.82,622.599,4,0.8660254037844387,-0.4999999999999998,0.17287810332696918,0.17842096046241107
2025-04-24 12:42:16.954000+00:00,8ccaec05-bd1d-44a2-a522-e2d02e33346c,646.242,,0.007881,0.006147,0.82,622.599,4,0.8660254037844387,-0.4999999999999998,0.17287810332696918,0.17842096046241107
2025-04-24 13:27:58.969000+00:00,f6cf79ba-d82b-4cf3-a0d1-7c94fa19e876,2050.17712,,0.025002,0.019502,0.82,1975.17064,4,0.8660254037844387,-0.4999999999999998,0.14972269467073995,0.17842096046241107
2025-04-24 13:27:58.969000+00:00,f6cf79ba-d82b-4cf3-a0d1-7c94fa19e876,2050.17712,,0.025002,0.019502,0.82,1975.17064,4,0.8660254037844387,-0.4999999999999998,0.14972269467073995,0.17842096046241107
2025-04-24 13:27:58.969000+00:00,f6cf79ba-d82b-4cf3-a0d1-7c94fa19e876,2050.17712,,0.025002,0.019502,0.82,1975.17064,4,0.8660254037844387,-0.4999999999999998,0.14972269467073995,0.17842096046241107
2025-04-24 13:30:34.949000+00:00,a2c03e13-07f7-4066-8caa-c51c31defc5a,2989.89384,,0.036462,0.02844,0.82,2880.50748,4,0.8660254037844387,-0.4999999999999998,0.15437550015203166,0.17842096046241107
2025-04-24 13:30:34.949000+00:00,a2c03e13-07f7-4066-8caa-c51c31defc5a,2989.89384,,0.036462,0.02844,0.82,2880.50748,4,0.8660254037844387,-0.4999999999999998,0.15437550015203166,0.17842096046241107
2025-04-24 13:30:34.949000+00:00,a2c03e13-07f7-4066-8caa-c51c31defc5a,2989.89384,,0.036462,0.02844,0.82,2880.50748,4,0.8660254037844387,-0.4999999999999998,0.15437550015203166,0.17842096046241107
2025-04-24 13:32:46.920000+00:00,8ccaec05-bd1d-44a2-a522-e2d02e33346c,753.498,,0.009189,0.007167,0.82,725.931,4,0.8660254037844387,-0.4999999999999998,0.17243515130198206,0.17842096046241107
2025-04-24 13:32:46.920000+00:00,8ccaec05-bd1d-44a2-a522-e2d02e33346c,753.498,,0.009189,0.007167,0.82,725.931,4,0.8660254037844387,-0.4999999999999998,0.17243515130198206,0.17842096046241107
2025-04-24 13:32:46.920000+00:00,8ccaec05-bd1d-44a2-a522-e2d02e33346c,753.498,,0.009189,0.007167,0.82,725.931,4,0.8660254037844387,-0.4999999999999998,0.17243515130198206,0.17842096046241107
2025-04-24 14:23:42.662000+00:00,f6cf79ba-d82b-4cf3-a0d1-7c94fa19e876,2311.609979,,0.02819,0.021988,0.82,2227.038882,4,0.8660254037844387,-0.4999999999999998,0.14972269467073995,0.1782639099602653
2025-04-24 14:23:42.662000+00:00,f6cf79ba-d82b-4cf3-a0d1-7c94fa19e876,2311.609979,,0.02819,0.021988,0.82,2227.038882,4,0.8660254037844387,-0.4999999999999998,0.14972269467073995,0.1782639099602653
2025-04-24 14:23:42.662000+00:00,f6cf79ba-d82b-4cf3-a0d1-7c94fa19e876,2311.609979,,0.02819,0.021988,0.82,2227.038882,4,0.8660254037844387,-0.4999999999999998,0.14972269467073995,0.1782639099602653
2025-04-24 14:26:30.703000+00:00,a2c03e13-07f7-4066-8caa-c51c31defc5a,2627.96388,,0.032048,0.024998,0.82,2531.81886,4,0.8660254037844387,-0.4999999999999998,0.15720667586947268,0.17818655672786515
2025-04-24 14:26:30.703000+00:00,a2c03e13-07f7-4066-8caa-c51c31defc5a,2627.96388,,0.032048,0.024998,0.82,2531.81886,4,0.8660254037844387,-0.4999999999999998,0.15720667586947268,0.17818655672786515
2025-04-24 14:26:30.703000+00:00,a2c03e13-07f7-4066-8caa-c51c31defc5a,2627.96388,,0.032048,0.024998,0.82,2531.81886,4,0.8660254037844387,-0.4999999999999998,0.15720667586947268,0.17818655672786515
2025-04-24 14:28:30.764000+00:00,8ccaec05-bd1d-44a2-a522-e2d02e33346c,365.146,,0.004453,0.003473,0.82,351.787,4,0.8660254037844387,-0.4999999999999998,0.17287810332696918,0.17818655672786515
2025-04-24 14:28:30.764000+00:00,8ccaec05-bd1d-44a2-a522-e2d02e33346c,365.146,,0.004453,0.003473,0.82,351.787,4,0.8660254037844387,-0.4999999999999998,0.17287810332696918,0.17818655672786515
2025-04-24 14:28:30.764000+00:00,8ccaec05-bd1d-44a2-a522-e2d02e33346c,365.146,,0.004453,0.003473,0.82,351.787,4,0.8660254037844387,-0.4999999999999998,0.17287810332696918,0.17818655672786515
2025-04-24 15:16:22.060000+00:00,f6cf79ba-d82b-4cf3-a0d1-7c94fa19e876,2094.721778,,0.025545,0.019925,0.82,2018.085616,4,0.8660254037844387,-0.4999999999999998,0.14972269467073995,0.17816645245077653
2025-04-24 15:16:22.060000+00:00,f6cf79ba-d82b-4cf3-a0d1-7c94fa19e876,2094.721778,,0.025545,0.019925,0.82,2018.085616,4,0.8660254037844387,-0.4999999999999998,0.14972269467073995,0.17816645245077653
2025-04-24 15:16:22.060000+00:00,f6cf79ba-d82b-4cf3-a0d1-7c94fa19e876,2094.721778,,0.025545,0.019925,0.82,2018.085616,4,0.8660254037844387,-0.4999999999999998,0.14972269467073995,0.17816645245077653
2025-04-24 15:19:10.092000+00:00,a2c03e13-07f7-4066-8caa-c51c31defc5a,2909.69948,,0.035484,0.027678,0.82,2803.24706,4,0.8660254037844387,-0.4999999999999998,0.15437550015203166,0.17798551395697898
2025-04-24 15:19:10.092000+00:00,a2c03e13-07f7-4066-8caa-c51c31defc5a,2909.69948,,0.035484,0.027678,0.82,2803.24706,4,0.8660254037844387,-0.4999999999999998,0.15437550015203166,0.17798551395697898
2025-04-24 15:19:10.092000+00:00,a2c03e13-07f7-4066-8caa-c51c31defc5a,2909.69948,,0.035484,0.027678,0.82,2803.24706,4,0.8660254037844387,-0.4999999999999998,0.15437550015203166,0.17798551395697898
2025-04-24 15:21:22.144000+00:00,8ccaec05-bd1d-44a2-a522-e2d02e33346c,780.312,,0.009516,0.007422,0.82,751.764,4,0.8660254037844387,-0.4999999999999998,0.17243515130198206,0.17798551395697898
2025-04-24 15:21:22.144000+00:00,8ccaec05-bd1d-44a2-a522-e2d02e33346c,780.312,,0.009516,0.007422,0.82,751.764,4,0.8660254037844387,-0.4999999999999998,0.17243515130198206,0.17798551395697898
2025-04-24 15:21:22.144000+00:00,8ccaec05-bd1d-44a2-a522-e2d02e33346c,780.312,,0.009516,0.007422,0.82,751.764,4,0.8660254037844387,-0.4999999999999998,0.17243515130198206,0.17798551395697898
2025-04-24 16:12:35.313000+00:00,f6cf79ba-d82b-4cf3-a0d1-7c94fa19e876,2774.705488,,0.033838,0.026394,0.82,2673.191872,4,0.8660254037844387,-0.4999999999999998,0.1468297077558569,0.17798551395697898
2025-04-24 16:12:35.313000+00:00,f6cf79ba-d82b-4cf3-a0d1-7c94fa19e876,2774.705488,,0.033838,0.026394,0.82,2673.191872,4,0.8660254037844387,-0.4999999999999998,0.1468297077558569,0.17798551395697898
2025-04-24 16:12:35.313000+00:00,f6cf79ba-d82b-4cf3-a0d1-7c94fa19e876,2774.705488,,0.033838,0.026394,0.82,2673.191872,4,0.8660254037844387,-0.4999999999999998,0.1468297077558569,0.17798551395697898
2025-04-24 16:15:23.429000+00:00,a2c03e13-07f7-4066-8caa-c51c31defc5a,3329.856,,0.040608,0.031674,0.82,3208.032,4,0.8660254037844387,-0.4999999999999998,0.15437550015203166,0.17798551395697898
2025-04-24 16:15:23.429000+00:00,a2c03e13-07f7-4066-8caa-c51c31defc5a,3329.856,,0.040608,0.031674,0.82,3208.032,4,0.8660254037844387,-0.4999999999999998,0.15437550015203166,0.17798551395697898
2025-04-24 16:15:23.429000+00:00,a2c03e13-07f7-4066-8caa-c51c31defc5a,3329.856,,0.040608,0.031674,0.82,3208.032,4,0.8660254037844387,-0.4999999999999998,0.15437550015203166,0.17798551395697898
2025-04-24 16:17:23.410000+00:00,8ccaec05-bd1d-44a2-a522-e2d02e33346c,864.116,,0.010538,0.00822,0.82,832.502,4,0.8660254037844387,-0.4999999999999998,0.17243515130198206,0.17798551395697898
2025-04-24 16:17:23.410000+00:00,8ccaec05-bd1d-44a2-a522-e2d02e33346c,864.116,,0.010538,0.00822,0.82,832.502,4,0.8660254037844387,-0.4999999999999998,0.17243515130198206,0.17798551395697898
2025-04-24 16:17:23.410000+00:00,8ccaec05-bd1d-44a2-a522-e2d02e33346c,864.116,,0.010538,0.00822,0.82,832.502,4,0.8660254037844387,-0.4999999999999998,0.17243515130198206,0.17798551395697898
